Workbook

Sheet Settings
A1: Name | B1: Value
A2: CoachingWeeklyCapXP | B2: 120
A3: EducationMonthlyCapXP | B3: 150
A4: OpsMonthlyCapXP | B4: 120
A5: MentorshipMonthlyCapXP | B5: 150
A6: ImpactQuarterlyCapXP | B6: 300
A7: WeekStartType | B7: Mon
A8: MaxXP | B8: 20000

Sheet CoachRoster
A1: CoachID | B1: CoachName | C1: IdentityPath | D1: OperationalRole | E1: Active

Sheet XPMenu
A1: ActionID | B1: ActionName | C1: Bucket | D1: XPper | E1: CapPeriod | F1: Verification
A2: COA-SESS | B2: Coaching Session Logged Properly | C2: Coaching | D2: 5 | E2: Weekly | F2: Session logged
A3: COA-NOTE | B3: Session Notes + Next Step <24h | C3: Coaching | D3: 3 | E3: Weekly | F3: Notes reviewed
A4: COA-CHK | B4: Client Check-In On Time | C4: Coaching | D4: 5 | E4: Weekly | F4: Check-in record
A5: COA-ADJ | B5: Intelligent Session Adjustment | C5: Coaching | D5: 5 | E5: Weekly | F5: Coach notes
A6: COA-CUE | B6: Technique Issue Corrected | C6: Coaching | D6: 3 | E6: Weekly | F6: Coach notes
A7: COA-SAFE | B7: Safety-First Decision Logged | C7: Coaching | D7: 5 | E7: Weekly | F7: Incident note
A8: PRO-ONTM | B8: Perfect Punctuality (Week) | C8: Professional | D8: 5 | E8: Weekly | F8: Attendance record
A9: PRO-COMM | B9: Clear Client Communication | C9: Professional | D9: 5 | E9: Weekly | F9: Message log
A10: PRO-PREP | B10: Sessions Pre-Planned | C10: Professional | D10: 5 | E10: Weekly | F10: Program check
A11: PRO-CALM | B11: De-escalated Client Issue | C11: Professional | D11: 8 | E11: Weekly | F11: Manager note
A12: SYS-NOTE100 | B12: 100% Documentation Rate | C12: Systems | D12: 8 | E12: Weekly | F12: CRM audit
A13: SYS-CRM | B13: CRM Updated Cleanly | C13: Systems | D13: 5 | E13: Weekly | F13: CRM audit
... A57: CMP-REGN | B57: Regional/State Competition Representation | C57: Competition | D57: 70 | E57: Quarterly | F57: Event sanctioning proof

Sheet RoleTitles
A1: OperationalRole | B1: MinXPEligible | C1: OperationalTitle | D1: GreekTitle | E1: AesirTitle
A2: T1 | B2: 0 | C2: Apprentice Coach | D2: Apprentice | E2: First Breath
A3: T2 | B3: 500 | C3: Coach | D3: Pathfinder | E3: Steady
A4: T3 | B4: 1500 | C4: Performance Coach | D4: Champion | E4: Shieldmaiden
A5: T4 | B5: 3000 | C5: Specialist | D5: Mentor | E5: Healer
A6: T5 | B6: 5000 | C6: Lead Coach | D6: Strategist | E6: Rune Teacher
A7: T6 | B7: 7500 | C7: Head Coach / Studio Manager | D7: Elder | E7: Seer
A8: T7 | B8: 10000 | C8: Area Performance Manager | D8: Founder | E8: Wayfinder
A9: T8 | B9: 13000 | C9: Director of Coaching & Education | D9: Demigod | E9: Valkyrie
A10: T9 | B10: 15000 | C10: C-Level | D10: Olympus | E10: Aesir

Sheet XPBands
A1: Tier | B1: MinXP | C1: MaxXP | D1: LevelStart | E1: LevelEnd | F1: LevelCount | G1: StepXP
A2: T1 | B2: 0 | C2: 499 | D2: 0 | E2: 10 | F2: 11 | G2: =(C2-B2+1)/F2
A3: T2 | B3: 500 | C3: 1499 | D3: 11 | E3: 20 | F3: 10 | G3: =(C3-B3+1)/F3
A4: T3 | B4: 1500 | C4: 2999 | D4: 21 | E4: 30 | F4: 10 | G4: =(C4-B4+1)/F4
A5: T4 | B5: 3000 | C5: 4999 | D5: 31 | E5: 40 | F5: 10 | G5: =(C5-B5+1)/F5
A6: T5 | B6: 5000 | C6: 7499 | D6: 41 | E6: 50 | F6: 10 | G6: =(C6-B6+1)/F6
A7: T6 | B7: 7500 | C7: 9999 | D7: 51 | E7: 60 | F7: 10 | G7: =(C7-B7+1)/F7
A8: T7 | B8: 10000 | C8: 12999 | D8: 61 | E8: 70 | F8: 10 | G8: =(C8-B8+1)/F8
A9: T8 | B9: 13000 | C9: 14999 | D9: 71 | E9: 80 | F9: 10 | G9: =(C9-B9+1)/F9
A10: T9 | B10: 15000 | C10: 20000 | D10: 81 | E10: 100 | F10: 20 | G10: =(C10-B10+1)/F10

Sheet XPLog
A1: Date | B1: CoachID | C1: ActionSelect | D1: ActionID | E1: Qty | F1: Verified | G1: Evidence | H1: Notes | I1: ActionName | J1: Bucket | K1: XPper | L1: XPOverride | M1: XPRaw | N1: WeekKey | O1: MonthKey | P1: QuarterKey
D2: =IFERROR(INDEX(XPMenu!$A$2:$A$1000, MATCH(C2, XPMenu!$B$2:$B$1000, 0)), "") | I2: =IFERROR(VLOOKUP(D2,XPMenu!$A:$F,2,FALSE),"") | J2: =IFERROR(VLOOKUP(D2,XPMenu!$A:$F,3,FALSE),"") | K2: =IFERROR(VLOOKUP(D2,XPMenu!$A:$F,4,FALSE),"") | M2: =IF(A2="","",IF(F2<>"Yes",0,IF(L2<>"",L2,E2*K2))) | N2: =IF($A2="","",$A2-WEEKDAY($A2,2)+1) | O2: =IF($A2="","",TEXT($A2,"yyyy-mm")) | P2: =IF($A2="","",TEXT(YEAR($A2),"0000")&"-Q"&ROUNDUP(MONTH($A2)/3,0))
D3: =IFERROR(INDEX(XPMenu!$A$2:$A$1000, MATCH(C3, XPMenu!$B$2:$B$1000, 0)), "") | I3: =IFERROR(VLOOKUP(D3,XPMenu!$A:$F,2,FALSE),"") | J3: =IFERROR(VLOOKUP(D3,XPMenu!$A:$F,3,FALSE),"") | K3: =IFERROR(VLOOKUP(D3,XPMenu!$A:$F,4,FALSE),"") | M3: =IF(A3="","",IF(F3<>"Yes",0,IF(L3<>"",L3,E3*K3))) | N3: =IF($A3="","",$A3-WEEKDAY($A3,2)+1) | O3: =IF($A3="","",TEXT($A3,"yyyy-mm")) | P3: =IF($A3="","",TEXT(YEAR($A3),"0000")&"-Q"&ROUNDUP(MONTH($A3)/3,0))
D4: =IFERROR(INDEX(XPMenu!$A$2:$A$1000, MATCH(C4, XPMenu!$B$2:$B$1000, 0)), "") | I4: =IFERROR(VLOOKUP(D4,XPMenu!$A:$F,2,FALSE),"") | J4: =IFERROR(VLOOKUP(D4,XPMenu!$A:$F,3,FALSE),"") | K4: =IFERROR(VLOOKUP(D4,XPMenu!$A:$F,4,FALSE),"") | M4: =IF(A4="","",IF(F4<>"Yes",0,IF(L4<>"",L4,E4*K4))) | N4: =IF($A4="","",$A4-WEEKDAY($A4,2)+1) | O4: =IF($A4="","",TEXT($A4,"yyyy-mm")) | P4: =IF($A4="","",TEXT(YEAR($A4),"0000")&"-Q"&ROUNDUP(MONTH($A4)/3,0))
D5: =IFERROR(INDEX(XPMenu!$A$2:$A$1000, MATCH(C5, XPMenu!$B$2:$B$1000, 0)), "") | I5: =IFERROR(VLOOKUP(D5,XPMenu!$A:$F,2,FALSE),"") | J5: =IFERROR(VLOOKUP(D5,XPMenu!$A:$F,3,FALSE),"") | K5: =IFERROR(VLOOKUP(D5,XPMenu!$A:$F,4,FALSE),"") | M5: =IF(A5="","",IF(F5<>"Yes",0,IF(L5<>"",L5,E5*K5))) | N5: =IF($A5="","",$A5-WEEKDAY($A5,2)+1) | O5: =IF($A5="","",TEXT($A5,"yyyy-mm")) | P5: =IF($A5="","",TEXT(YEAR($A5),"0000")&"-Q"&ROUNDUP(MONTH($A5)/3,0))
D6: =IFERROR(INDEX(XPMenu!$A$2:$A$1000, MATCH(C6, XPMenu!$B$2:$B$1000, 0)), "") | I6: =IFERROR(VLOOKUP(D6,XPMenu!$A:$F,2,FALSE),"") | J6: =IFERROR(VLOOKUP(D6,XPMenu!$A:$F,3,FALSE),"") | K6: =IFERROR(VLOOKUP(D6,XPMenu!$A:$F,4,FALSE),"") | M6: =IF(A6="","",IF(F6<>"Yes",0,IF(L6<>"",L6,E6*K6))) | N6: =IF($A6="","",$A6-WEEKDAY($A6,2)+1) | O6: =IF($A6="","",TEXT($A6,"yyyy-mm")) | P6: =IF($A6="","",TEXT(YEAR($A6),"0000")&"-Q"&ROUNDUP(MONTH($A6)/3,0))
D7: =IFERROR(INDEX(XPMenu!$A$2:$A$1000, MATCH(C7, XPMenu!$B$2:$B$1000, 0)), "") | I7: =IFERROR(VLOOKUP(D7,XPMenu!$A:$F,2,FALSE),"") | J7: =IFERROR(VLOOKUP(D7,XPMenu!$A:$F,3,FALSE),"") | K7: =IFERROR(VLOOKUP(D7,XPMenu!$A:$F,4,FALSE),"") | M7: =IF(A7="","",IF(F7<>"Yes",0,IF(L7<>"",L7,E7*K7))) | N7: =IF($A7="","",$A7-WEEKDAY($A7,2)+1) | O7: =IF($A7="","",TEXT($A7,"yyyy-mm")) | P7: =IF($A7="","",TEXT(YEAR($A7),"0000")&"-Q"&ROUNDUP(MONTH($A7)/3,0))
D8: =IFERROR(INDEX(XPMenu!$A$2:$A$1000, MATCH(C8, XPMenu!$B$2:$B$1000, 0)), "") | I8: =IFERROR(VLOOKUP(D8,XPMenu!$A:$F,2,FALSE),"") | J8: =IFERROR(VLOOKUP(D8,XPMenu!$A:$F,3,FALSE),"") | K8: =IFERROR(VLOOKUP(D8,XPMenu!$A:$F,4,FALSE),"") | M8: =IF(A8="","",IF(F8<>"Yes",0,IF(L8<>"",L8,E8*K8))) | N8: =IF($A8="","",$A8-WEEKDAY($A8,2)+1) | O8: =IF($A8="","",TEXT($A8,"yyyy-mm")) | P8: =IF($A8="","",TEXT(YEAR($A8),"0000")&"-Q"&ROUNDUP(MONTH($A8)/3,0))
D9: =IFERROR(INDEX(XPMenu!$A$2:$A$1000, MATCH(C9, XPMenu!$B$2:$B$1000, 0)), "") | I9: =IFERROR(VLOOKUP(D9,XPMenu!$A:$F,2,FALSE),"") | J9: =IFERROR(VLOOKUP(D9,XPMenu!$A:$F,3,FALSE),"") | K9: =IFERROR(VLOOKUP(D9,XPMenu!$A:$F,4,FALSE),"") | M9: =IF(A9="","",IF(F9<>"Yes",0,IF(L9<>"",L9,E9*K9))) | N9: =IF($A9="","",$A9-WEEKDAY($A9,2)+1) | O9: =IF($A9="","",TEXT($A9,"yyyy-mm")) | P9: =IF($A9="","",TEXT(YEAR($A9),"0000")&"-Q"&ROUNDUP(MONTH($A9)/3,0))
D10: =IFERROR(INDEX(XPMenu!$A$2:$A$1000, MATCH(C10, XPMenu!$B$2:$B$1000, 0)), "") | I10: =IFERROR(VLOOKUP(D10,XPMenu!$A:$F,2,FALSE),"") | J10: =IFERROR(VLOOKUP(D10,XPMenu!$A:$F,3,FALSE),"") | K10: =IFERROR(VLOOKUP(D10,XPMenu!$A:$F,4,FALSE),"") | M10: =IF(A10="","",IF(F10<>"Yes",0,IF(L10<>"",L10,E10*K10))) | N10: =IF($A10="","",$A10-WEEKDAY($A10,2)+1) | O10: =IF($A10="","",TEXT($A10,"yyyy-mm")) | P10: =IF($A10="","",TEXT(YEAR($A10),"0000")&"-Q"&ROUNDUP(MONTH($A10)/3,0))
D11: =IFERROR(INDEX(XPMenu!$A$2:$A$1000, MATCH(C11, XPMenu!$B$2:$B$1000, 0)), "") | I11: =IFERROR(VLOOKUP(D11,XPMenu!$A:$F,2,FALSE),"") | J11: =IFERROR(VLOOKUP(D11,XPMenu!$A:$F,3,FALSE),"") | K11: =IFERROR(VLOOKUP(D11,XPMenu!$A:$F,4,FALSE),"") | M11: =IF(A11="","",IF(F11<>"Yes",0,IF(L11<>"",L11,E11*K11))) | N11: =IF($A11="","",$A11-WEEKDAY($A11,2)+1) | O11: =IF($A11="","",TEXT($A11,"yyyy-mm")) | P11: =IF($A11="","",TEXT(YEAR($A11),"0000")&"-Q"&ROUNDUP(MONTH($A11)/3,0))
D12: =IFERROR(INDEX(XPMenu!$A$2:$A$1000, MATCH(C12, XPMenu!$B$2:$B$1000, 0)), "") | I12: =IFERROR(VLOOKUP(D12,XPMenu!$A:$F,2,FALSE),"") | J12: =IFERROR(VLOOKUP(D12,XPMenu!$A:$F,3,FALSE),"") | K12: =IFERROR(VLOOKUP(D12,XPMenu!$A:$F,4,FALSE),"") | M12: =IF(A12="","",IF(F12<>"Yes",0,IF(L12<>"",L12,E12*K12))) | N12: =IF($A12="","",$A12-WEEKDAY($A12,2)+1) | O12: =IF($A12="","",TEXT($A12,"yyyy-mm")) | P12: =IF($A12="","",TEXT(YEAR($A12),"0000")&"-Q"&ROUNDUP(MONTH($A12)/3,0))
D13: =IFERROR(INDEX(XPMenu!$A$2:$A$1000, MATCH(C13, XPMenu!$B$2:$B$1000, 0)), "") | I13: =IFERROR(VLOOKUP(D13,XPMenu!$A:$F,2,FALSE),"") | J13: =IFERROR(VLOOKUP(D13,XPMenu!$A:$F,3,FALSE),"") | K13: =IFERROR(VLOOKUP(D13,XPMenu!$A:$F,4,FALSE),"") | M13: =IF(A13="","",IF(F13<>"Yes",0,IF(L13<>"",L13,E13*K13))) | N13: =IF($A13="","",$A13-WEEKDAY($A13,2)+1) | O13: =IF($A13="","",TEXT($A13,"yyyy-mm")) | P13: =IF($A13="","",TEXT(YEAR($A13),"0000")&"-Q"&ROUNDUP(MONTH($A13)/3,0))
... D1000: =IFERROR(INDEX(XPMenu!$A$2:$A$1000, MATCH(C1000, XPMenu!$B$2:$B$1000, 0)), "") | I1000: =IFERROR(VLOOKUP(D1000,XPMenu!$A:$F,2,FALSE),"") | J1000: =IFERROR(VLOOKUP(D1000,XPMenu!$A:$F,3,FALSE),"") | K1000: =IFERROR(VLOOKUP(D1000,XPMenu!$A:$F,4,FALSE),"") | M1000: =IF(A1000="","",IF(F1000<>"Yes",0,IF(L1000<>"",L1000,E1000*K1000))) | N1000: =IF($A1000="","",$A1000-WEEKDAY($A1000,2)+1) | O1000: =IF($A1000="","",TEXT($A1000,"yyyy-mm")) | P1000: =IF($A1000="","",TEXT(YEAR($A1000),"0000")&"-Q"&ROUNDUP(MONTH($A1000)/3,0))

Sheet Weekly_Coaching
A1: WeekKey | B1: CoachID | C1: CoachingXPRaw | D1: CoachingXPCounted | E1: OverCap
A2: =IFERROR(QUERY(XPLog!A2:P1000,"select Col14,Col2,sum(Col13) where Col10='Coaching' and Col13 is not null group by Col14,Col2 label sum(Col13) ''",0),"") | D2: =IF(C2="","",MIN(C2,Settings!$B$2)) | E2: =IF(C2="","",MAX(0,C2-D2))
D3: =IF(C3="","",MIN(C3,Settings!$B$2)) | E3: =IF(C3="","",MAX(0,C3-D3))
D4: =IF(C4="","",MIN(C4,Settings!$B$2)) | E4: =IF(C4="","",MAX(0,C4-D4))
D5: =IF(C5="","",MIN(C5,Settings!$B$2)) | E5: =IF(C5="","",MAX(0,C5-D5))
D6: =IF(C6="","",MIN(C6,Settings!$B$2)) | E6: =IF(C6="","",MAX(0,C6-D6))
D7: =IF(C7="","",MIN(C7,Settings!$B$2)) | E7: =IF(C7="","",MAX(0,C7-D7))
D8: =IF(C8="","",MIN(C8,Settings!$B$2)) | E8: =IF(C8="","",MAX(0,C8-D8))
D9: =IF(C9="","",MIN(C9,Settings!$B$2)) | E9: =IF(C9="","",MAX(0,C9-D9))
D10: =IF(C10="","",MIN(C10,Settings!$B$2)) | E10: =IF(C10="","",MAX(0,C10-D10))
D11: =IF(C11="","",MIN(C11,Settings!$B$2)) | E11: =IF(C11="","",MAX(0,C11-D11))
D12: =IF(C12="","",MIN(C12,Settings!$B$2)) | E12: =IF(C12="","",MAX(0,C12-D12))
D13: =IF(C13="","",MIN(C13,Settings!$B$2)) | E13: =IF(C13="","",MAX(0,C13-D13))
D14: =IF(C14="","",MIN(C14,Settings!$B$2)) | E14: =IF(C14="","",MAX(0,C14-D14))
... D1000: =IF(C1000="","",MIN(C1000,Settings!$B$2)) | E1000: =IF(C1000="","",MAX(0,C1000-D1000))

Sheet Monthly_Edu
A1: MonthKey | B1: CoachID | C1: EduRaw | D1: EduCounted | E1: OverCap
A2: =IFERROR(QUERY(XPLog!A2:P1000,"select Col15,Col2,sum(Col13) where Col10='Education' and Col13 is not null group by Col15,Col2 label sum(Col13) ''",0),"") | D2: =IF(C2="","",MIN(C2,Settings!$B$3)) | E2: =IF(C2="","",MAX(0,C2-D2))
D3: =IF(C3="","",MIN(C3,Settings!$B$3)) | E3: =IF(C3="","",MAX(0,C3-D3))
D4: =IF(C4="","",MIN(C4,Settings!$B$3)) | E4: =IF(C4="","",MAX(0,C4-D4))
D5: =IF(C5="","",MIN(C5,Settings!$B$3)) | E5: =IF(C5="","",MAX(0,C5-D5))
D6: =IF(C6="","",MIN(C6,Settings!$B$3)) | E6: =IF(C6="","",MAX(0,C6-D6))
D7: =IF(C7="","",MIN(C7,Settings!$B$3)) | E7: =IF(C7="","",MAX(0,C7-D7))
D8: =IF(C8="","",MIN(C8,Settings!$B$3)) | E8: =IF(C8="","",MAX(0,C8-D8))
D9: =IF(C9="","",MIN(C9,Settings!$B$3)) | E9: =IF(C9="","",MAX(0,C9-D9))
D10: =IF(C10="","",MIN(C10,Settings!$B$3)) | E10: =IF(C10="","",MAX(0,C10-D10))
D11: =IF(C11="","",MIN(C11,Settings!$B$3)) | E11: =IF(C11="","",MAX(0,C11-D11))
D12: =IF(C12="","",MIN(C12,Settings!$B$3)) | E12: =IF(C12="","",MAX(0,C12-D12))
D13: =IF(C13="","",MIN(C13,Settings!$B$3)) | E13: =IF(C13="","",MAX(0,C13-D13))
D14: =IF(C14="","",MIN(C14,Settings!$B$3)) | E14: =IF(C14="","",MAX(0,C14-D14))
... D1000: =IF(C1000="","",MIN(C1000,Settings!$B$3)) | E1000: =IF(C1000="","",MAX(0,C1000-D1000))

Sheet Monthly_Ops
A1: MonthKey | B1: CoachID | C1: OpsRaw | D1: OpsCounted | E1: OverCap
A2: =IFERROR(QUERY(XPLog!A2:P1000,"select Col15,Col2,sum(Col13) where Col10 matches 'Ops|Professional|Systems|Programming|Experience' and Col13 is not null group by Col15,Col2 label sum(Col13) ''",0),"") | D2: =IF(C2="","",MIN(C2,Settings!$B$4)) | E2: =IF(C2="","",MAX(0,C2-D2))
D3: =IF(C3="","",MIN(C3,Settings!$B$4)) | E3: =IF(C3="","",MAX(0,C3-D3))
D4: =IF(C4="","",MIN(C4,Settings!$B$4)) | E4: =IF(C4="","",MAX(0,C4-D4))
D5: =IF(C5="","",MIN(C5,Settings!$B$4)) | E5: =IF(C5="","",MAX(0,C5-D5))
D6: =IF(C6="","",MIN(C6,Settings!$B$4)) | E6: =IF(C6="","",MAX(0,C6-D6))
D7: =IF(C7="","",MIN(C7,Settings!$B$4)) | E7: =IF(C7="","",MAX(0,C7-D7))
D8: =IF(C8="","",MIN(C8,Settings!$B$4)) | E8: =IF(C8="","",MAX(0,C8-D8))
D9: =IF(C9="","",MIN(C9,Settings!$B$4)) | E9: =IF(C9="","",MAX(0,C9-D9))
D10: =IF(C10="","",MIN(C10,Settings!$B$4)) | E10: =IF(C10="","",MAX(0,C10-D10))
D11: =IF(C11="","",MIN(C11,Settings!$B$4)) | E11: =IF(C11="","",MAX(0,C11-D11))
D12: =IF(C12="","",MIN(C12,Settings!$B$4)) | E12: =IF(C12="","",MAX(0,C12-D12))
D13: =IF(C13="","",MIN(C13,Settings!$B$4)) | E13: =IF(C13="","",MAX(0,C13-D13))
D14: =IF(C14="","",MIN(C14,Settings!$B$4)) | E14: =IF(C14="","",MAX(0,C14-D14))
... D1000: =IF(C1000="","",MIN(C1000,Settings!$B$4)) | E1000: =IF(C1000="","",MAX(0,C1000-D1000))

Sheet Monthly_Mentor
A1: MonthKey | B1: CoachID | C1: MentorshipRaw | D1: MentorshipCounted | E1: OverCap
A2: =IFERROR(QUERY(XPLog!A2:P1000,"select Col15,Col2,sum(Col13) where Col10 matches 'Mentorship|Reputation' and Col13 is not null group by Col15,Col2 label sum(Col13) ''",0),"") | D2: =IF(C2="","",MIN(C2,Settings!$B$5)) | E2: =IF(C2="","",MAX(0,C2-D2))
D3: =IF(C3="","",MIN(C3,Settings!$B$5)) | E3: =IF(C3="","",MAX(0,C3-D3))
D4: =IF(C4="","",MIN(C4,Settings!$B$5)) | E4: =IF(C4="","",MAX(0,C4-D4))
D5: =IF(C5="","",MIN(C5,Settings!$B$5)) | E5: =IF(C5="","",MAX(0,C5-D5))
D6: =IF(C6="","",MIN(C6,Settings!$B$5)) | E6: =IF(C6="","",MAX(0,C6-D6))
D7: =IF(C7="","",MIN(C7,Settings!$B$5)) | E7: =IF(C7="","",MAX(0,C7-D7))
D8: =IF(C8="","",MIN(C8,Settings!$B$5)) | E8: =IF(C8="","",MAX(0,C8-D8))
D9: =IF(C9="","",MIN(C9,Settings!$B$5)) | E9: =IF(C9="","",MAX(0,C9-D9))
D10: =IF(C10="","",MIN(C10,Settings!$B$5)) | E10: =IF(C10="","",MAX(0,C10-D10))
D11: =IF(C11="","",MIN(C11,Settings!$B$5)) | E11: =IF(C11="","",MAX(0,C11-D11))
D12: =IF(C12="","",MIN(C12,Settings!$B$5)) | E12: =IF(C12="","",MAX(0,C12-D12))
D13: =IF(C13="","",MIN(C13,Settings!$B$5)) | E13: =IF(C13="","",MAX(0,C13-D13))
D14: =IF(C14="","",MIN(C14,Settings!$B$5)) | E14: =IF(C14="","",MAX(0,C14-D14))
... D1000: =IF(C1000="","",MIN(C1000,Settings!$B$5)) | E1000: =IF(C1000="","",MAX(0,C1000-D1000))

Sheet Quarterly_Impact
A1: QuarterKey | B1: CoachID | C1: ImpactRaw | D1: ImpactCounted | E1: OverCap
A2: =IFERROR(QUERY(XPLog!A2:P1000,"select Col16,Col2,sum(Col13) where Col10 matches 'Impact|Competition' and Col13 is not null group by Col16,Col2 label sum(Col13) ''",0),"") | D2: =IF(C2="","",MIN(C2,Settings!$B$6)) | E2: =IF(C2="","",MAX(0,C2-D2))
D3: =IF(C3="","",MIN(C3,Settings!$B$6)) | E3: =IF(C3="","",MAX(0,C3-D3))
D4: =IF(C4="","",MIN(C4,Settings!$B$6)) | E4: =IF(C4="","",MAX(0,C4-D4))
D5: =IF(C5="","",MIN(C5,Settings!$B$6)) | E5: =IF(C5="","",MAX(0,C5-D5))
D6: =IF(C6="","",MIN(C6,Settings!$B$6)) | E6: =IF(C6="","",MAX(0,C6-D6))
D7: =IF(C7="","",MIN(C7,Settings!$B$6)) | E7: =IF(C7="","",MAX(0,C7-D7))
D8: =IF(C8="","",MIN(C8,Settings!$B$6)) | E8: =IF(C8="","",MAX(0,C8-D8))
D9: =IF(C9="","",MIN(C9,Settings!$B$6)) | E9: =IF(C9="","",MAX(0,C9-D9))
D10: =IF(C10="","",MIN(C10,Settings!$B$6)) | E10: =IF(C10="","",MAX(0,C10-D10))
D11: =IF(C11="","",MIN(C11,Settings!$B$6)) | E11: =IF(C11="","",MAX(0,C11-D11))
D12: =IF(C12="","",MIN(C12,Settings!$B$6)) | E12: =IF(C12="","",MAX(0,C12-D12))
D13: =IF(C13="","",MIN(C13,Settings!$B$6)) | E13: =IF(C13="","",MAX(0,C13-D13))
D14: =IF(C14="","",MIN(C14,Settings!$B$6)) | E14: =IF(C14="","",MAX(0,C14-D14))
... D1000: =IF(C1000="","",MIN(C1000,Settings!$B$6)) | E1000: =IF(C1000="","",MAX(0,C1000-D1000))

Sheet Ledger
A1: CoachID | B1: CoachName | C1: IdentityPath | D1: OperationalRole | E1: TotalXP | F1: Tier | G1: Level | H1: OperationalTitle | I1: RankTitle | J1: XPEligibleOperational | K1: NextOperationalRole | L1: XPToNextOperational
A2: =IFERROR(INDEX(CoachRoster!$A$2:$A$1000,ROW()-1),"") | B2: =IF($A2="","",VLOOKUP($A2,CoachRoster!$A:$E,2,FALSE)) | C2: =IF($A2="","",VLOOKUP($A2,CoachRoster!$A:$E,3,FALSE)) | D2: =IF($A2="","",VLOOKUP($A2,CoachRoster!$A:$E,4,FALSE)) | E2: =IF($A2="","",MIN(Settings!$B$8,IFERROR(SUMIF(Weekly_Coaching!$B:$B,$A2,Weekly_Coaching!$D:$D),0)+IFERROR(SUMIF(Monthly_Edu!$B:$B,$A2,Monthly_Edu!$D:$D),0)+IFERROR(SUMIF(Monthly_Ops!$B:$B,$A2,Monthly_Ops!$D:$D),0)+IFERROR(SUMIF(Monthly_Mentor!$B:$B,$A2,Monthly_Mentor!$D:$D),0)+IFERROR(SUMIF(Quarterly_Impact!$B:$B,$A2,Quarterly_Impact!$D:$D),0)+IFERROR(SUMIFS(XPLog!$M:$M,XPLog!$B:$B,$A2,XPLog!$J:$J,"Admin"),0)+IFERROR(SUMIFS(XPLog!$M:$M,XPLog!$B:$B,$A2,XPLog!$J:$J,"Seeding"),0))) | F2: =IF($E2="","",LOOKUP($E2, XPBands!B$2:B$10, XPBands!A$2:A$10)) | G2: =IF($E2="","", VLOOKUP($F2, XPBands!A$2:G$10, 4, FALSE) + MIN(VLOOKUP($F2, XPBands!A$2:G$10, 5, FALSE) - VLOOKUP($F2, XPBands!A$2:G$10, 4, FALSE), FLOOR(( $E2 - VLOOKUP($F2, XPBands!A$2:G$10, 2, FALSE) ) / VLOOKUP($F2, XPBands!A$2:G$10, 7, FALSE),1))) | H2: =IF($D2="","",VLOOKUP($D2,RoleTitles!$A:$E,3,FALSE)) | I2: =IF($D2="","",IF($C2="Greek",VLOOKUP($D2,RoleTitles!$A:$E,4,FALSE),IF($C2="Aesir",VLOOKUP($D2,RoleTitles!$A:$E,5,FALSE),VLOOKUP($D2,RoleTitles!$A:$E,3,FALSE)))) | J2: =IF($D2="","",IF($E2>=VLOOKUP($D2,RoleTitles!$A:$B,2,FALSE),"Yes","No")) | K2: =IF($D2="","",IF($D2="T1","T2",IF($D2="T2","T3",IF($D2="T3","T4",IF($D2="T4","T5",IF($D2="T5","T6",IF($D2="T6","T7",IF($D2="T7","T8",IF($D2="T8","T9",""))))))))) | L2: =IF($K2="","",MAX(0,VLOOKUP($K2,RoleTitles!$A:$B,2,FALSE)-$E2))
A3: =IFERROR(INDEX(CoachRoster!$A$2:$A$1000,ROW()-1),"") | B3: =IF($A3="","",VLOOKUP($A3,CoachRoster!$A:$E,2,FALSE)) | C3: =IF($A3="","",VLOOKUP($A3,CoachRoster!$A:$E,3,FALSE)) | D3: =IF($A3="","",VLOOKUP($A3,CoachRoster!$A:$E,4,FALSE)) | E3: =IF($A3="","",MIN(Settings!$B$8,IFERROR(SUMIF(Weekly_Coaching!$B:$B,$A3,Weekly_Coaching!$D:$D),0)+IFERROR(SUMIF(Monthly_Edu!$B:$B,$A3,Monthly_Edu!$D:$D),0)+IFERROR(SUMIF(Monthly_Ops!$B:$B,$A3,Monthly_Ops!$D:$D),0)+IFERROR(SUMIF(Monthly_Mentor!$B:$B,$A3,Monthly_Mentor!$D:$D),0)+IFERROR(SUMIF(Quarterly_Impact!$B:$B,$A3,Quarterly_Impact!$D:$D),0)+IFERROR(SUMIFS(XPLog!$M:$M,XPLog!$B:$B,$A3,XPLog!$J:$J,"Admin"),0)+IFERROR(SUMIFS(XPLog!$M:$M,XPLog!$B:$B,$A3,XPLog!$J:$J,"Seeding"),0))) | F3: =IF($E3="","",LOOKUP($E3, XPBands!B$2:B$10, XPBands!A$2:A$10)) | G3: =IF($E3="","", VLOOKUP($F3, XPBands!A$2:G$10, 4, FALSE) + MIN(VLOOKUP($F3, XPBands!A$2:G$10, 5, FALSE) - VLOOKUP($F3, XPBands!A$2:G$10, 4, FALSE), FLOOR(( $E3 - VLOOKUP($F3, XPBands!A$2:G$10, 2, FALSE) ) / VLOOKUP($F3, XPBands!A$2:G$10, 7, FALSE),1))) | H3: =IF($D3="","",VLOOKUP($D3,RoleTitles!$A:$E,3,FALSE)) | I3: =IF($D3="","",IF($C3="Greek",VLOOKUP($D3,RoleTitles!$A:$E,4,FALSE),IF($C3="Aesir",VLOOKUP($D3,RoleTitles!$A:$E,5,FALSE),VLOOKUP($D3,RoleTitles!$A:$E,3,FALSE)))) | J3: =IF($D3="","",IF($E3>=VLOOKUP($D3,RoleTitles!$A:$B,2,FALSE),"Yes","No")) | K3: =IF($D3="","",IF($D3="T1","T2",IF($D3="T2","T3",IF($D3="T3","T4",IF($D3="T4","T5",IF($D3="T5","T6",IF($D3="T6","T7",IF($D3="T7","T8",IF($D3="T8","T9",""))))))))) | L3: =IF($K3="","",MAX(0,VLOOKUP($K3,RoleTitles!$A:$B,2,FALSE)-$E3))
A4: =IFERROR(INDEX(CoachRoster!$A$2:$A$1000,ROW()-1),"") | B4: =IF($A4="","",VLOOKUP($A4,CoachRoster!$A:$E,2,FALSE)) | C4: =IF($A4="","",VLOOKUP($A4,CoachRoster!$A:$E,3,FALSE)) | D4: =IF($A4="","",VLOOKUP($A4,CoachRoster!$A:$E,4,FALSE)) | E4: =IF($A4="","",MIN(Settings!$B$8,IFERROR(SUMIF(Weekly_Coaching!$B:$B,$A4,Weekly_Coaching!$D:$D),0)+IFERROR(SUMIF(Monthly_Edu!$B:$B,$A4,Monthly_Edu!$D:$D),0)+IFERROR(SUMIF(Monthly_Ops!$B:$B,$A4,Monthly_Ops!$D:$D),0)+IFERROR(SUMIF(Monthly_Mentor!$B:$B,$A4,Monthly_Mentor!$D:$D),0)+IFERROR(SUMIF(Quarterly_Impact!$B:$B,$A4,Quarterly_Impact!$D:$D),0)+IFERROR(SUMIFS(XPLog!$M:$M,XPLog!$B:$B,$A4,XPLog!$J:$J,"Admin"),0)+IFERROR(SUMIFS(XPLog!$M:$M,XPLog!$B:$B,$A4,XPLog!$J:$J,"Seeding"),0))) | F4: =IF($E4="","",LOOKUP($E4, XPBands!B$2:B$10, XPBands!A$2:A$10)) | G4: =IF($E4="","", VLOOKUP($F4, XPBands!A$2:G$10, 4, FALSE) + MIN(VLOOKUP($F4, XPBands!A$2:G$10, 5, FALSE) - VLOOKUP($F4, XPBands!A$2:G$10, 4, FALSE), FLOOR(( $E4 - VLOOKUP($F4, XPBands!A$2:G$10, 2, FALSE) ) / VLOOKUP($F4, XPBands!A$2:G$10, 7, FALSE),1))) | H4: =IF($D4="","",VLOOKUP($D4,RoleTitles!$A:$E,3,FALSE)) | I4: =IF($D4="","",IF($C4="Greek",VLOOKUP($D4,RoleTitles!$A:$E,4,FALSE),IF($C4="Aesir",VLOOKUP($D4,RoleTitles!$A:$E,5,FALSE),VLOOKUP($D4,RoleTitles!$A:$E,3,FALSE)))) | J4: =IF($D4="","",IF($E4>=VLOOKUP($D4,RoleTitles!$A:$B,2,FALSE),"Yes","No")) | K4: =IF($D4="","",IF($D4="T1","T2",IF($D4="T2","T3",IF($D4="T3","T4",IF($D4="T4","T5",IF($D4="T5","T6",IF($D4="T6","T7",IF($D4="T7","T8",IF($D4="T8","T9",""))))))))) | L4: =IF($K4="","",MAX(0,VLOOKUP($K4,RoleTitles!$A:$B,2,FALSE)-$E4))
A5: =IFERROR(INDEX(CoachRoster!$A$2:$A$1000,ROW()-1),"") | B5: =IF($A5="","",VLOOKUP($A5,CoachRoster!$A:$E,2,FALSE)) | C5: =IF($A5="","",VLOOKUP($A5,CoachRoster!$A:$E,3,FALSE)) | D5: =IF($A5="","",VLOOKUP($A5,CoachRoster!$A:$E,4,FALSE)) | E5: =IF($A5="","",MIN(Settings!$B$8,IFERROR(SUMIF(Weekly_Coaching!$B:$B,$A5,Weekly_Coaching!$D:$D),0)+IFERROR(SUMIF(Monthly_Edu!$B:$B,$A5,Monthly_Edu!$D:$D),0)+IFERROR(SUMIF(Monthly_Ops!$B:$B,$A5,Monthly_Ops!$D:$D),0)+IFERROR(SUMIF(Monthly_Mentor!$B:$B,$A5,Monthly_Mentor!$D:$D),0)+IFERROR(SUMIF(Quarterly_Impact!$B:$B,$A5,Quarterly_Impact!$D:$D),0)+IFERROR(SUMIFS(XPLog!$M:$M,XPLog!$B:$B,$A5,XPLog!$J:$J,"Admin"),0)+IFERROR(SUMIFS(XPLog!$M:$M,XPLog!$B:$B,$A5,XPLog!$J:$J,"Seeding"),0))) | F5: =IF($E5="","",LOOKUP($E5, XPBands!B$2:B$10, XPBands!A$2:A$10)) | G5: =IF($E5="","", VLOOKUP($F5, XPBands!A$2:G$10, 4, FALSE) + MIN(VLOOKUP($F5, XPBands!A$2:G$10, 5, FALSE) - VLOOKUP($F5, XPBands!A$2:G$10, 4, FALSE), FLOOR(( $E5 - VLOOKUP($F5, XPBands!A$2:G$10, 2, FALSE) ) / VLOOKUP($F5, XPBands!A$2:G$10, 7, FALSE),1))) | H5: =IF($D5="","",VLOOKUP($D5,RoleTitles!$A:$E,3,FALSE)) | I5: =IF($D5="","",IF($C5="Greek",VLOOKUP($D5,RoleTitles!$A:$E,4,FALSE),IF($C5="Aesir",VLOOKUP($D5,RoleTitles!$A:$E,5,FALSE),VLOOKUP($D5,RoleTitles!$A:$E,3,FALSE)))) | J5: =IF($D5="","",IF($E5>=VLOOKUP($D5,RoleTitles!$A:$B,2,FALSE),"Yes","No")) | K5: =IF($D5="","",IF($D5="T1","T2",IF($D5="T2","T3",IF($D5="T3","T4",IF($D5="T4","T5",IF($D5="T5","T6",IF($D5="T6","T7",IF($D5="T7","T8",IF($D5="T8","T9",""))))))))) | L5: =IF($K5="","",MAX(0,VLOOKUP($K5,RoleTitles!$A:$B,2,FALSE)-$E5))
A6: =IFERROR(INDEX(CoachRoster!$A$2:$A$1000,ROW()-1),"") | B6: =IF($A6="","",VLOOKUP($A6,CoachRoster!$A:$E,2,FALSE)) | C6: =IF($A6="","",VLOOKUP($A6,CoachRoster!$A:$E,3,FALSE)) | D6: =IF($A6="","",VLOOKUP($A6,CoachRoster!$A:$E,4,FALSE)) | E6: =IF($A6="","",MIN(Settings!$B$8,IFERROR(SUMIF(Weekly_Coaching!$B:$B,$A6,Weekly_Coaching!$D:$D),0)+IFERROR(SUMIF(Monthly_Edu!$B:$B,$A6,Monthly_Edu!$D:$D),0)+IFERROR(SUMIF(Monthly_Ops!$B:$B,$A6,Monthly_Ops!$D:$D),0)+IFERROR(SUMIF(Monthly_Mentor!$B:$B,$A6,Monthly_Mentor!$D:$D),0)+IFERROR(SUMIF(Quarterly_Impact!$B:$B,$A6,Quarterly_Impact!$D:$D),0)+IFERROR(SUMIFS(XPLog!$M:$M,XPLog!$B:$B,$A6,XPLog!$J:$J,"Admin"),0)+IFERROR(SUMIFS(XPLog!$M:$M,XPLog!$B:$B,$A6,XPLog!$J:$J,"Seeding"),0))) | F6: =IF($E6="","",LOOKUP($E6, XPBands!B$2:B$10, XPBands!A$2:A$10)) | G6: =IF($E6="","", VLOOKUP($F6, XPBands!A$2:G$10, 4, FALSE) + MIN(VLOOKUP($F6, XPBands!A$2:G$10, 5, FALSE) - VLOOKUP($F6, XPBands!A$2:G$10, 4, FALSE), FLOOR(( $E6 - VLOOKUP($F6, XPBands!A$2:G$10, 2, FALSE) ) / VLOOKUP($F6, XPBands!A$2:G$10, 7, FALSE),1))) | H6: =IF($D6="","",VLOOKUP($D6,RoleTitles!$A:$E,3,FALSE)) | I6: =IF($D6="","",IF($C6="Greek",VLOOKUP($D6,RoleTitles!$A:$E,4,FALSE),IF($C6="Aesir",VLOOKUP($D6,RoleTitles!$A:$E,5,FALSE),VLOOKUP($D6,RoleTitles!$A:$E,3,FALSE)))) | J6: =IF($D6="","",IF($E6>=VLOOKUP($D6,RoleTitles!$A:$B,2,FALSE),"Yes","No")) | K6: =IF($D6="","",IF($D6="T1","T2",IF($D6="T2","T3",IF($D6="T3","T4",IF($D6="T4","T5",IF($D6="T5","T6",IF($D6="T6","T7",IF($D6="T7","T8",IF($D6="T8","T9",""))))))))) | L6: =IF($K6="","",MAX(0,VLOOKUP($K6,RoleTitles!$A:$B,2,FALSE)-$E6))
A7: =IFERROR(INDEX(CoachRoster!$A$2:$A$1000,ROW()-1),"") | B7: =IF($A7="","",VLOOKUP($A7,CoachRoster!$A:$E,2,FALSE)) | C7: =IF($A7="","",VLOOKUP($A7,CoachRoster!$A:$E,3,FALSE)) | D7: =IF($A7="","",VLOOKUP($A7,CoachRoster!$A:$E,4,FALSE)) | E7: =IF($A7="","",MIN(Settings!$B$8,IFERROR(SUMIF(Weekly_Coaching!$B:$B,$A7,Weekly_Coaching!$D:$D),0)+IFERROR(SUMIF(Monthly_Edu!$B:$B,$A7,Monthly_Edu!$D:$D),0)+IFERROR(SUMIF(Monthly_Ops!$B:$B,$A7,Monthly_Ops!$D:$D),0)+IFERROR(SUMIF(Monthly_Mentor!$B:$B,$A7,Monthly_Mentor!$D:$D),0)+IFERROR(SUMIF(Quarterly_Impact!$B:$B,$A7,Quarterly_Impact!$D:$D),0)+IFERROR(SUMIFS(XPLog!$M:$M,XPLog!$B:$B,$A7,XPLog!$J:$J,"Admin"),0)+IFERROR(SUMIFS(XPLog!$M:$M,XPLog!$B:$B,$A7,XPLog!$J:$J,"Seeding"),0))) | F7: =IF($E7="","",LOOKUP($E7, XPBands!B$2:B$10, XPBands!A$2:A$10)) | G7: =IF($E7="","", VLOOKUP($F7, XPBands!A$2:G$10, 4, FALSE) + MIN(VLOOKUP($F7, XPBands!A$2:G$10, 5, FALSE) - VLOOKUP($F7, XPBands!A$2:G$10, 4, FALSE), FLOOR(( $E7 - VLOOKUP($F7, XPBands!A$2:G$10, 2, FALSE) ) / VLOOKUP($F7, XPBands!A$2:G$10, 7, FALSE),1))) | H7: =IF($D7="","",VLOOKUP($D7,RoleTitles!$A:$E,3,FALSE)) | I7: =IF($D7="","",IF($C7="Greek",VLOOKUP($D7,RoleTitles!$A:$E,4,FALSE),IF($C7="Aesir",VLOOKUP($D7,RoleTitles!$A:$E,5,FALSE),VLOOKUP($D7,RoleTitles!$A:$E,3,FALSE)))) | J7: =IF($D7="","",IF($E7>=VLOOKUP($D7,RoleTitles!$A:$B,2,FALSE),"Yes","No")) | K7: =IF($D7="","",IF($D7="T1","T2",IF($D7="T2","T3",IF($D7="T3","T4",IF($D7="T4","T5",IF($D7="T5","T6",IF($D7="T6","T7",IF($D7="T7","T8",IF($D7="T8","T9",""))))))))) | L7: =IF($K7="","",MAX(0,VLOOKUP($K7,RoleTitles!$A:$B,2,FALSE)-$E7))
A8: =IFERROR(INDEX(CoachRoster!$A$2:$A$1000,ROW()-1),"") | B8: =IF($A8="","",VLOOKUP($A8,CoachRoster!$A:$E,2,FALSE)) | C8: =IF($A8="","",VLOOKUP($A8,CoachRoster!$A:$E,3,FALSE)) | D8: =IF($A8="","",VLOOKUP($A8,CoachRoster!$A:$E,4,FALSE)) | E8: =IF($A8="","",MIN(Settings!$B$8,IFERROR(SUMIF(Weekly_Coaching!$B:$B,$A8,Weekly_Coaching!$D:$D),0)+IFERROR(SUMIF(Monthly_Edu!$B:$B,$A8,Monthly_Edu!$D:$D),0)+IFERROR(SUMIF(Monthly_Ops!$B:$B,$A8,Monthly_Ops!$D:$D),0)+IFERROR(SUMIF(Monthly_Mentor!$B:$B,$A8,Monthly_Mentor!$D:$D),0)+IFERROR(SUMIF(Quarterly_Impact!$B:$B,$A8,Quarterly_Impact!$D:$D),0)+IFERROR(SUMIFS(XPLog!$M:$M,XPLog!$B:$B,$A8,XPLog!$J:$J,"Admin"),0)+IFERROR(SUMIFS(XPLog!$M:$M,XPLog!$B:$B,$A8,XPLog!$J:$J,"Seeding"),0))) | F8: =IF($E8="","",LOOKUP($E8, XPBands!B$2:B$10, XPBands!A$2:A$10)) | G8: =IF($E8="","", VLOOKUP($F8, XPBands!A$2:G$10, 4, FALSE) + MIN(VLOOKUP($F8, XPBands!A$2:G$10, 5, FALSE) - VLOOKUP($F8, XPBands!A$2:G$10, 4, FALSE), FLOOR(( $E8 - VLOOKUP($F8, XPBands!A$2:G$10, 2, FALSE) ) / VLOOKUP($F8, XPBands!A$2:G$10, 7, FALSE),1))) | H8: =IF($D8="","",VLOOKUP($D8,RoleTitles!$A:$E,3,FALSE)) | I8: =IF($D8="","",IF($C8="Greek",VLOOKUP($D8,RoleTitles!$A:$E,4,FALSE),IF($C8="Aesir",VLOOKUP($D8,RoleTitles!$A:$E,5,FALSE),VLOOKUP($D8,RoleTitles!$A:$E,3,FALSE)))) | J8: =IF($D8="","",IF($E8>=VLOOKUP($D8,RoleTitles!$A:$B,2,FALSE),"Yes","No")) | K8: =IF($D8="","",IF($D8="T1","T2",IF($D8="T2","T3",IF($D8="T3","T4",IF($D8="T4","T5",IF($D8="T5","T6",IF($D8="T6","T7",IF($D8="T7","T8",IF($D8="T8","T9",""))))))))) | L8: =IF($K8="","",MAX(0,VLOOKUP($K8,RoleTitles!$A:$B,2,FALSE)-$E8))
A9: =IFERROR(INDEX(CoachRoster!$A$2:$A$1000,ROW()-1),"") | B9: =IF($A9="","",VLOOKUP($A9,CoachRoster!$A:$E,2,FALSE)) | C9: =IF($A9="","",VLOOKUP($A9,CoachRoster!$A:$E,3,FALSE)) | D9: =IF($A9="","",VLOOKUP($A9,CoachRoster!$A:$E,4,FALSE)) | E9: =IF($A9="","",MIN(Settings!$B$8,IFERROR(SUMIF(Weekly_Coaching!$B:$B,$A9,Weekly_Coaching!$D:$D),0)+IFERROR(SUMIF(Monthly_Edu!$B:$B,$A9,Monthly_Edu!$D:$D),0)+IFERROR(SUMIF(Monthly_Ops!$B:$B,$A9,Monthly_Ops!$D:$D),0)+IFERROR(SUMIF(Monthly_Mentor!$B:$B,$A9,Monthly_Mentor!$D:$D),0)+IFERROR(SUMIF(Quarterly_Impact!$B:$B,$A9,Quarterly_Impact!$D:$D),0)+IFERROR(SUMIFS(XPLog!$M:$M,XPLog!$B:$B,$A9,XPLog!$J:$J,"Admin"),0)+IFERROR(SUMIFS(XPLog!$M:$M,XPLog!$B:$B,$A9,XPLog!$J:$J,"Seeding"),0))) | F9: =IF($E9="","",LOOKUP($E9, XPBands!B$2:B$10, XPBands!A$2:A$10)) | G9: =IF($E9="","", VLOOKUP($F9, XPBands!A$2:G$10, 4, FALSE) + MIN(VLOOKUP($F9, XPBands!A$2:G$10, 5, FALSE) - VLOOKUP($F9, XPBands!A$2:G$10, 4, FALSE), FLOOR(( $E9 - VLOOKUP($F9, XPBands!A$2:G$10, 2, FALSE) ) / VLOOKUP($F9, XPBands!A$2:G$10, 7, FALSE),1))) | H9: =IF($D9="","",VLOOKUP($D9,RoleTitles!$A:$E,3,FALSE)) | I9: =IF($D9="","",IF($C9="Greek",VLOOKUP($D9,RoleTitles!$A:$E,4,FALSE),IF($C9="Aesir",VLOOKUP($D9,RoleTitles!$A:$E,5,FALSE),VLOOKUP($D9,RoleTitles!$A:$E,3,FALSE)))) | J9: =IF($D9="","",IF($E9>=VLOOKUP($D9,RoleTitles!$A:$B,2,FALSE),"Yes","No")) | K9: =IF($D9="","",IF($D9="T1","T2",IF($D9="T2","T3",IF($D9="T3","T4",IF($D9="T4","T5",IF($D9="T5","T6",IF($D9="T6","T7",IF($D9="T7","T8",IF($D9="T8","T9",""))))))))) | L9: =IF($K9="","",MAX(0,VLOOKUP($K9,RoleTitles!$A:$B,2,FALSE)-$E9))
A10: =IFERROR(INDEX(CoachRoster!$A$2:$A$1000,ROW()-1),"") | B10: =IF($A10="","",VLOOKUP($A10,CoachRoster!$A:$E,2,FALSE)) | C10: =IF($A10="","",VLOOKUP($A10,CoachRoster!$A:$E,3,FALSE)) | D10: =IF($A10="","",VLOOKUP($A10,CoachRoster!$A:$E,4,FALSE)) | E10: =IF($A10="","",MIN(Settings!$B$8,IFERROR(SUMIF(Weekly_Coaching!$B:$B,$A10,Weekly_Coaching!$D:$D),0)+IFERROR(SUMIF(Monthly_Edu!$B:$B,$A10,Monthly_Edu!$D:$D),0)+IFERROR(SUMIF(Monthly_Ops!$B:$B,$A10,Monthly_Ops!$D:$D),0)+IFERROR(SUMIF(Monthly_Mentor!$B:$B,$A10,Monthly_Mentor!$D:$D),0)+IFERROR(SUMIF(Quarterly_Impact!$B:$B,$A10,Quarterly_Impact!$D:$D),0)+IFERROR(SUMIFS(XPLog!$M:$M,XPLog!$B:$B,$A10,XPLog!$J:$J,"Admin"),0)+IFERROR(SUMIFS(XPLog!$M:$M,XPLog!$B:$B,$A10,XPLog!$J:$J,"Seeding"),0))) | F10: =IF($E10="","",LOOKUP($E10, XPBands!B$2:B$10, XPBands!A$2:A$10)) | G10: =IF($E10="","", VLOOKUP($F10, XPBands!A$2:G$10, 4, FALSE) + MIN(VLOOKUP($F10, XPBands!A$2:G$10, 5, FALSE) - VLOOKUP($F10, XPBands!A$2:G$10, 4, FALSE), FLOOR(( $E10 - VLOOKUP($F10, XPBands!A$2:G$10, 2, FALSE) ) / VLOOKUP($F10, XPBands!A$2:G$10, 7, FALSE),1))) | H10: =IF($D10="","",VLOOKUP($D10,RoleTitles!$A:$E,3,FALSE)) | I10: =IF($D10="","",IF($C10="Greek",VLOOKUP($D10,RoleTitles!$A:$E,4,FALSE),IF($C10="Aesir",VLOOKUP($D10,RoleTitles!$A:$E,5,FALSE),VLOOKUP($D10,RoleTitles!$A:$E,3,FALSE)))) | J10: =IF($D10="","",IF($E10>=VLOOKUP($D10,RoleTitles!$A:$B,2,FALSE),"Yes","No")) | K10: =IF($D10="","",IF($D10="T1","T2",IF($D10="T2","T3",IF($D10="T3","T4",IF($D10="T4","T5",IF($D10="T5","T6",IF($D10="T6","T7",IF($D10="T7","T8",IF($D10="T8","T9",""))))))))) | L10: =IF($K10="","",MAX(0,VLOOKUP($K10,RoleTitles!$A:$B,2,FALSE)-$E10))
A11: =IFERROR(INDEX(CoachRoster!$A$2:$A$1000,ROW()-1),"") | B11: =IF($A11="","",VLOOKUP($A11,CoachRoster!$A:$E,2,FALSE)) | C11: =IF($A11="","",VLOOKUP($A11,CoachRoster!$A:$E,3,FALSE)) | D11: =IF($A11="","",VLOOKUP($A11,CoachRoster!$A:$E,4,FALSE)) | E11: =IF($A11="","",MIN(Settings!$B$8,IFERROR(SUMIF(Weekly_Coaching!$B:$B,$A11,Weekly_Coaching!$D:$D),0)+IFERROR(SUMIF(Monthly_Edu!$B:$B,$A11,Monthly_Edu!$D:$D),0)+IFERROR(SUMIF(Monthly_Ops!$B:$B,$A11,Monthly_Ops!$D:$D),0)+IFERROR(SUMIF(Monthly_Mentor!$B:$B,$A11,Monthly_Mentor!$D:$D),0)+IFERROR(SUMIF(Quarterly_Impact!$B:$B,$A11,Quarterly_Impact!$D:$D),0)+IFERROR(SUMIFS(XPLog!$M:$M,XPLog!$B:$B,$A11,XPLog!$J:$J,"Admin"),0)+IFERROR(SUMIFS(XPLog!$M:$M,XPLog!$B:$B,$A11,XPLog!$J:$J,"Seeding"),0))) | F11: =IF($E11="","",LOOKUP($E11, XPBands!B$2:B$10, XPBands!A$2:A$10)) | G11: =IF($E11="","", VLOOKUP($F11, XPBands!A$2:G$10, 4, FALSE) + MIN(VLOOKUP($F11, XPBands!A$2:G$10, 5, FALSE) - VLOOKUP($F11, XPBands!A$2:G$10, 4, FALSE), FLOOR(( $E11 - VLOOKUP($F11, XPBands!A$2:G$10, 2, FALSE) ) / VLOOKUP($F11, XPBands!A$2:G$10, 7, FALSE),1))) | H11: =IF($D11="","",VLOOKUP($D11,RoleTitles!$A:$E,3,FALSE)) | I11: =IF($D11="","",IF($C11="Greek",VLOOKUP($D11,RoleTitles!$A:$E,4,FALSE),IF($C11="Aesir",VLOOKUP($D11,RoleTitles!$A:$E,5,FALSE),VLOOKUP($D11,RoleTitles!$A:$E,3,FALSE)))) | J11: =IF($D11="","",IF($E11>=VLOOKUP($D11,RoleTitles!$A:$B,2,FALSE),"Yes","No")) | K11: =IF($D11="","",IF($D11="T1","T2",IF($D11="T2","T3",IF($D11="T3","T4",IF($D11="T4","T5",IF($D11="T5","T6",IF($D11="T6","T7",IF($D11="T7","T8",IF($D11="T8","T9",""))))))))) | L11: =IF($K11="","",MAX(0,VLOOKUP($K11,RoleTitles!$A:$B,2,FALSE)-$E11))
A12: =IFERROR(INDEX(CoachRoster!$A$2:$A$1000,ROW()-1),"") | B12: =IF($A12="","",VLOOKUP($A12,CoachRoster!$A:$E,2,FALSE)) | C12: =IF($A12="","",VLOOKUP($A12,CoachRoster!$A:$E,3,FALSE)) | D12: =IF($A12="","",VLOOKUP($A12,CoachRoster!$A:$E,4,FALSE)) | E12: =IF($A12="","",MIN(Settings!$B$8,IFERROR(SUMIF(Weekly_Coaching!$B:$B,$A12,Weekly_Coaching!$D:$D),0)+IFERROR(SUMIF(Monthly_Edu!$B:$B,$A12,Monthly_Edu!$D:$D),0)+IFERROR(SUMIF(Monthly_Ops!$B:$B,$A12,Monthly_Ops!$D:$D),0)+IFERROR(SUMIF(Monthly_Mentor!$B:$B,$A12,Monthly_Mentor!$D:$D),0)+IFERROR(SUMIF(Quarterly_Impact!$B:$B,$A12,Quarterly_Impact!$D:$D),0)+IFERROR(SUMIFS(XPLog!$M:$M,XPLog!$B:$B,$A12,XPLog!$J:$J,"Admin"),0)+IFERROR(SUMIFS(XPLog!$M:$M,XPLog!$B:$B,$A12,XPLog!$J:$J,"Seeding"),0))) | F12: =IF($E12="","",LOOKUP($E12, XPBands!B$2:B$10, XPBands!A$2:A$10)) | G12: =IF($E12="","", VLOOKUP($F12, XPBands!A$2:G$10, 4, FALSE) + MIN(VLOOKUP($F12, XPBands!A$2:G$10, 5, FALSE) - VLOOKUP($F12, XPBands!A$2:G$10, 4, FALSE), FLOOR(( $E12 - VLOOKUP($F12, XPBands!A$2:G$10, 2, FALSE) ) / VLOOKUP($F12, XPBands!A$2:G$10, 7, FALSE),1))) | H12: =IF($D12="","",VLOOKUP($D12,RoleTitles!$A:$E,3,FALSE)) | I12: =IF($D12="","",IF($C12="Greek",VLOOKUP($D12,RoleTitles!$A:$E,4,FALSE),IF($C12="Aesir",VLOOKUP($D12,RoleTitles!$A:$E,5,FALSE),VLOOKUP($D12,RoleTitles!$A:$E,3,FALSE)))) | J12: =IF($D12="","",IF($E12>=VLOOKUP($D12,RoleTitles!$A:$B,2,FALSE),"Yes","No")) | K12: =IF($D12="","",IF($D12="T1","T2",IF($D12="T2","T3",IF($D12="T3","T4",IF($D12="T4","T5",IF($D12="T5","T6",IF($D12="T6","T7",IF($D12="T7","T8",IF($D12="T8","T9",""))))))))) | L12: =IF($K12="","",MAX(0,VLOOKUP($K12,RoleTitles!$A:$B,2,FALSE)-$E12))
A13: =IFERROR(INDEX(CoachRoster!$A$2:$A$1000,ROW()-1),"") | B13: =IF($A13="","",VLOOKUP($A13,CoachRoster!$A:$E,2,FALSE)) | C13: =IF($A13="","",VLOOKUP($A13,CoachRoster!$A:$E,3,FALSE)) | D13: =IF($A13="","",VLOOKUP($A13,CoachRoster!$A:$E,4,FALSE)) | E13: =IF($A13="","",MIN(Settings!$B$8,IFERROR(SUMIF(Weekly_Coaching!$B:$B,$A13,Weekly_Coaching!$D:$D),0)+IFERROR(SUMIF(Monthly_Edu!$B:$B,$A13,Monthly_Edu!$D:$D),0)+IFERROR(SUMIF(Monthly_Ops!$B:$B,$A13,Monthly_Ops!$D:$D),0)+IFERROR(SUMIF(Monthly_Mentor!$B:$B,$A13,Monthly_Mentor!$D:$D),0)+IFERROR(SUMIF(Quarterly_Impact!$B:$B,$A13,Quarterly_Impact!$D:$D),0)+IFERROR(SUMIFS(XPLog!$M:$M,XPLog!$B:$B,$A13,XPLog!$J:$J,"Admin"),0)+IFERROR(SUMIFS(XPLog!$M:$M,XPLog!$B:$B,$A13,XPLog!$J:$J,"Seeding"),0))) | F13: =IF($E13="","",LOOKUP($E13, XPBands!B$2:B$10, XPBands!A$2:A$10)) | G13: =IF($E13="","", VLOOKUP($F13, XPBands!A$2:G$10, 4, FALSE) + MIN(VLOOKUP($F13, XPBands!A$2:G$10, 5, FALSE) - VLOOKUP($F13, XPBands!A$2:G$10, 4, FALSE), FLOOR(( $E13 - VLOOKUP($F13, XPBands!A$2:G$10, 2, FALSE) ) / VLOOKUP($F13, XPBands!A$2:G$10, 7, FALSE),1))) | H13: =IF($D13="","",VLOOKUP($D13,RoleTitles!$A:$E,3,FALSE)) | I13: =IF($D13="","",IF($C13="Greek",VLOOKUP($D13,RoleTitles!$A:$E,4,FALSE),IF($C13="Aesir",VLOOKUP($D13,RoleTitles!$A:$E,5,FALSE),VLOOKUP($D13,RoleTitles!$A:$E,3,FALSE)))) | J13: =IF($D13="","",IF($E13>=VLOOKUP($D13,RoleTitles!$A:$B,2,FALSE),"Yes","No")) | K13: =IF($D13="","",IF($D13="T1","T2",IF($D13="T2","T3",IF($D13="T3","T4",IF($D13="T4","T5",IF($D13="T5","T6",IF($D13="T6","T7",IF($D13="T7","T8",IF($D13="T8","T9",""))))))))) | L13: =IF($K13="","",MAX(0,VLOOKUP($K13,RoleTitles!$A:$B,2,FALSE)-$E13))
... A1000: =IFERROR(INDEX(CoachRoster!$A$2:$A$1000,ROW()-1),"") | B1000: =IF($A1000="","",VLOOKUP($A1000,CoachRoster!$A:$E,2,FALSE)) | C1000: =IF($A1000="","",VLOOKUP($A1000,CoachRoster!$A:$E,3,FALSE)) | D1000: =IF($A1000="","",VLOOKUP($A1000,CoachRoster!$A:$E,4,FALSE)) | E1000: =IF($A1000="","",MIN(Settings!$B$8,IFERROR(SUMIF(Weekly_Coaching!$B:$B,$A1000,Weekly_Coaching!$D:$D),0)+IFERROR(SUMIF(Monthly_Edu!$B:$B,$A1000,Monthly_Edu!$D:$D),0)+IFERROR(SUMIF(Monthly_Ops!$B:$B,$A1000,Monthly_Ops!$D:$D),0)+IFERROR(SUMIF(Monthly_Mentor!$B:$B,$A1000,Monthly_Mentor!$D:$D),0)+IFERROR(SUMIF(Quarterly_Impact!$B:$B,$A1000,Quarterly_Impact!$D:$D),0)+IFERROR(SUMIFS(XPLog!$M:$M,XPLog!$B:$B,$A1000,XPLog!$J:$J,"Admin"),0)+IFERROR(SUMIFS(XPLog!$M:$M,XPLog!$B:$B,$A1000,XPLog!$J:$J,"Seeding"),0))) | F1000: =IF($E1000="","",LOOKUP($E1000, XPBands!B$2:B$10, XPBands!A$2:A$10)) | G1000: =IF($E1000="","", VLOOKUP($F1000, XPBands!A$2:G$10, 4, FALSE) + MIN(VLOOKUP($F1000, XPBands!A$2:G$10, 5, FALSE) - VLOOKUP($F1000, XPBands!A$2:G$10, 4, FALSE), FLOOR(( $E1000 - VLOOKUP($F1000, XPBands!A$2:G$10, 2, FALSE) ) / VLOOKUP($F1000, XPBands!A$2:G$10, 7, FALSE),1))) | H1000: =IF($D1000="","",VLOOKUP($D1000,RoleTitles!$A:$E,3,FALSE)) | I1000: =IF($D1000="","",IF($C1000="Greek",VLOOKUP($D1000,RoleTitles!$A:$E,4,FALSE),IF($C1000="Aesir",VLOOKUP($D1000,RoleTitles!$A:$E,5,FALSE),VLOOKUP($D1000,RoleTitles!$A:$E,3,FALSE)))) | J1000: =IF($D1000="","",IF($E1000>=VLOOKUP($D1000,RoleTitles!$A:$B,2,FALSE),"Yes","No")) | K1000: =IF($D1000="","",IF($D1000="T1","T2",IF($D1000="T2","T3",IF($D1000="T3","T4",IF($D1000="T4","T5",IF($D1000="T5","T6",IF($D1000="T6","T7",IF($D1000="T7","T8",IF($D1000="T8","T9",""))))))))) | L1000: =IF($K1000="","",MAX(0,VLOOKUP($K1000,RoleTitles!$A:$B,2,FALSE)-$E1000))

Sheet Trials
A1: CoachID | B1: CurrentRole | C1: TargetRole | D1: TrialDate | E1: SkillTrial | F1: KnowledgeTrial | G1: Portfolio | H1: Result | I1: Notes | J1: XPEligible? | K1: PromoteAllowed?
B2: =IF($A2="","",VLOOKUP($A2,CoachRoster!$A:$E,4,FALSE)) | H2: =IF($A2="","",IF(AND($E2="Pass",$F2="Pass",$G2="Pass"),"PROMOTE","NOT YET")) | J2: =IF(OR($A2="",$C2=""),"",IF(IFERROR(VLOOKUP($A2,Ledger!$A:$E,5,FALSE),0)>=VLOOKUP($C2,RoleTitles!$A:$B,2,FALSE),"YES","NO")) | K2: =IF($A2="","",IF(AND($H2="PROMOTE",$J2="YES"),"YES — PROMOTE","NO"))
B3: =IF($A3="","",VLOOKUP($A3,CoachRoster!$A:$E,4,FALSE)) | H3: =IF($A3="","",IF(AND($E3="Pass",$F3="Pass",$G3="Pass"),"PROMOTE","NOT YET")) | J3: =IF(OR($A3="",$C3=""),"",IF(IFERROR(VLOOKUP($A3,Ledger!$A:$E,5,FALSE),0)>=VLOOKUP($C3,RoleTitles!$A:$B,2,FALSE),"YES","NO")) | K3: =IF($A3="","",IF(AND($H3="PROMOTE",$J3="YES"),"YES — PROMOTE","NO"))
B4: =IF($A4="","",VLOOKUP($A4,CoachRoster!$A:$E,4,FALSE)) | H4: =IF($A4="","",IF(AND($E4="Pass",$F4="Pass",$G4="Pass"),"PROMOTE","NOT YET")) | J4: =IF(OR($A4="",$C4=""),"",IF(IFERROR(VLOOKUP($A4,Ledger!$A:$E,5,FALSE),0)>=VLOOKUP($C4,RoleTitles!$A:$B,2,FALSE),"YES","NO")) | K4: =IF($A4="","",IF(AND($H4="PROMOTE",$J4="YES"),"YES — PROMOTE","NO"))
B5: =IF($A5="","",VLOOKUP($A5,CoachRoster!$A:$E,4,FALSE)) | H5: =IF($A5="","",IF(AND($E5="Pass",$F5="Pass",$G5="Pass"),"PROMOTE","NOT YET")) | J5: =IF(OR($A5="",$C5=""),"",IF(IFERROR(VLOOKUP($A5,Ledger!$A:$E,5,FALSE),0)>=VLOOKUP($C5,RoleTitles!$A:$B,2,FALSE),"YES","NO")) | K5: =IF($A5="","",IF(AND($H5="PROMOTE",$J5="YES"),"YES — PROMOTE","NO"))
B6: =IF($A6="","",VLOOKUP($A6,CoachRoster!$A:$E,4,FALSE)) | H6: =IF($A6="","",IF(AND($E6="Pass",$F6="Pass",$G6="Pass"),"PROMOTE","NOT YET")) | J6: =IF(OR($A6="",$C6=""),"",IF(IFERROR(VLOOKUP($A6,Ledger!$A:$E,5,FALSE),0)>=VLOOKUP($C6,RoleTitles!$A:$B,2,FALSE),"YES","NO")) | K6: =IF($A6="","",IF(AND($H6="PROMOTE",$J6="YES"),"YES — PROMOTE","NO"))
B7: =IF($A7="","",VLOOKUP($A7,CoachRoster!$A:$E,4,FALSE)) | H7: =IF($A7="","",IF(AND($E7="Pass",$F7="Pass",$G7="Pass"),"PROMOTE","NOT YET")) | J7: =IF(OR($A7="",$C7=""),"",IF(IFERROR(VLOOKUP($A7,Ledger!$A:$E,5,FALSE),0)>=VLOOKUP($C7,RoleTitles!$A:$B,2,FALSE),"YES","NO")) | K7: =IF($A7="","",IF(AND($H7="PROMOTE",$J7="YES"),"YES — PROMOTE","NO"))
B8: =IF($A8="","",VLOOKUP($A8,CoachRoster!$A:$E,4,FALSE)) | H8: =IF($A8="","",IF(AND($E8="Pass",$F8="Pass",$G8="Pass"),"PROMOTE","NOT YET")) | J8: =IF(OR($A8="",$C8=""),"",IF(IFERROR(VLOOKUP($A8,Ledger!$A:$E,5,FALSE),0)>=VLOOKUP($C8,RoleTitles!$A:$B,2,FALSE),"YES","NO")) | K8: =IF($A8="","",IF(AND($H8="PROMOTE",$J8="YES"),"YES — PROMOTE","NO"))
B9: =IF($A9="","",VLOOKUP($A9,CoachRoster!$A:$E,4,FALSE)) | H9: =IF($A9="","",IF(AND($E9="Pass",$F9="Pass",$G9="Pass"),"PROMOTE","NOT YET")) | J9: =IF(OR($A9="",$C9=""),"",IF(IFERROR(VLOOKUP($A9,Ledger!$A:$E,5,FALSE),0)>=VLOOKUP($C9,RoleTitles!$A:$B,2,FALSE),"YES","NO")) | K9: =IF($A9="","",IF(AND($H9="PROMOTE",$J9="YES"),"YES — PROMOTE","NO"))
B10: =IF($A10="","",VLOOKUP($A10,CoachRoster!$A:$E,4,FALSE)) | H10: =IF($A10="","",IF(AND($E10="Pass",$F10="Pass",$G10="Pass"),"PROMOTE","NOT YET")) | J10: =IF(OR($A10="",$C10=""),"",IF(IFERROR(VLOOKUP($A10,Ledger!$A:$E,5,FALSE),0)>=VLOOKUP($C10,RoleTitles!$A:$B,2,FALSE),"YES","NO")) | K10: =IF($A10="","",IF(AND($H10="PROMOTE",$J10="YES"),"YES — PROMOTE","NO"))
B11: =IF($A11="","",VLOOKUP($A11,CoachRoster!$A:$E,4,FALSE)) | H11: =IF($A11="","",IF(AND($E11="Pass",$F11="Pass",$G11="Pass"),"PROMOTE","NOT YET")) | J11: =IF(OR($A11="",$C11=""),"",IF(IFERROR(VLOOKUP($A11,Ledger!$A:$E,5,FALSE),0)>=VLOOKUP($C11,RoleTitles!$A:$B,2,FALSE),"YES","NO")) | K11: =IF($A11="","",IF(AND($H11="PROMOTE",$J11="YES"),"YES — PROMOTE","NO"))
B12: =IF($A12="","",VLOOKUP($A12,CoachRoster!$A:$E,4,FALSE)) | H12: =IF($A12="","",IF(AND($E12="Pass",$F12="Pass",$G12="Pass"),"PROMOTE","NOT YET")) | J12: =IF(OR($A12="",$C12=""),"",IF(IFERROR(VLOOKUP($A12,Ledger!$A:$E,5,FALSE),0)>=VLOOKUP($C12,RoleTitles!$A:$B,2,FALSE),"YES","NO")) | K12: =IF($A12="","",IF(AND($H12="PROMOTE",$J12="YES"),"YES — PROMOTE","NO"))
B13: =IF($A13="","",VLOOKUP($A13,CoachRoster!$A:$E,4,FALSE)) | H13: =IF($A13="","",IF(AND($E13="Pass",$F13="Pass",$G13="Pass"),"PROMOTE","NOT YET")) | J13: =IF(OR($A13="",$C13=""),"",IF(IFERROR(VLOOKUP($A13,Ledger!$A:$E,5,FALSE),0)>=VLOOKUP($C13,RoleTitles!$A:$B,2,FALSE),"YES","NO")) | K13: =IF($A13="","",IF(AND($H13="PROMOTE",$J13="YES"),"YES — PROMOTE","NO"))
... B1000: =IF($A1000="","",VLOOKUP($A1000,CoachRoster!$A:$E,4,FALSE)) | H1000: =IF($A1000="","",IF(AND($E1000="Pass",$F1000="Pass",$G1000="Pass"),"PROMOTE","NOT YET")) | J1000: =IF(OR($A1000="",$C1000=""),"",IF(IFERROR(VLOOKUP($A1000,Ledger!$A:$E,5,FALSE),0)>=VLOOKUP($C1000,RoleTitles!$A:$B,2,FALSE),"YES","NO")) | K1000: =IF($A1000="","",IF(AND($H1000="PROMOTE",$J1000="YES"),"YES — PROMOTE","NO"))

Sheet SeedPlacement
A1: CoachID | B1: CoachingQuality | C1: MovementLiteracy | D1: ProgrammingThinking | E1: Professionalism | F1: SystemsDiscipline | G1: ClientCommunication | H1: EthicalJudgment | I1: TrackingConsistency | J1: SelfMastery | K1: KnowledgeLevel | L1: SeedXP | M1: SeedLevel | N1: Approved | O1: Notes
L2: =IF(COUNTA(B2:K2)<10,"",MAX(300,ROUND(((((B2*1.4)+(C2*1.1)+(D2*1.1)+(E2*1)+(F2*1.1)+(G2*1)+(H2*1.6)+(I2*0.9)+(J2*1)+(K2*0.8))/11-1)/4)*20000,0))) | M2: =IF(L2="","",MIN(100,ROUND(L2/200,0)))
L3: =IF(COUNTA(B3:K3)<10,"",MAX(300,ROUND(((((B3*1.4)+(C3*1.1)+(D3*1.1)+(E3*1)+(F3*1.1)+(G3*1)+(H3*1.6)+(I3*0.9)+(J3*1)+(K3*0.8))/11-1)/4)*20000,0))) | M3: =IF(L3="","",MIN(100,ROUND(L3/200,0)))
L4: =IF(COUNTA(B4:K4)<10,"",MAX(300,ROUND(((((B4*1.4)+(C4*1.1)+(D4*1.1)+(E4*1)+(F4*1.1)+(G4*1)+(H4*1.6)+(I4*0.9)+(J4*1)+(K4*0.8))/11-1)/4)*20000,0))) | M4: =IF(L4="","",MIN(100,ROUND(L4/200,0)))
L5: =IF(COUNTA(B5:K5)<10,"",MAX(300,ROUND(((((B5*1.4)+(C5*1.1)+(D5*1.1)+(E5*1)+(F5*1.1)+(G5*1)+(H5*1.6)+(I5*0.9)+(J5*1)+(K5*0.8))/11-1)/4)*20000,0))) | M5: =IF(L5="","",MIN(100,ROUND(L5/200,0)))
L6: =IF(COUNTA(B6:K6)<10,"",MAX(300,ROUND(((((B6*1.4)+(C6*1.1)+(D6*1.1)+(E6*1)+(F6*1.1)+(G6*1)+(H6*1.6)+(I6*0.9)+(J6*1)+(K6*0.8))/11-1)/4)*20000,0))) | M6: =IF(L6="","",MIN(100,ROUND(L6/200,0)))
L7: =IF(COUNTA(B7:K7)<10,"",MAX(300,ROUND(((((B7*1.4)+(C7*1.1)+(D7*1.1)+(E7*1)+(F7*1.1)+(G7*1)+(H7*1.6)+(I7*0.9)+(J7*1)+(K7*0.8))/11-1)/4)*20000,0))) | M7: =IF(L7="","",MIN(100,ROUND(L7/200,0)))
L8: =IF(COUNTA(B8:K8)<10,"",MAX(300,ROUND(((((B8*1.4)+(C8*1.1)+(D8*1.1)+(E8*1)+(F8*1.1)+(G8*1)+(H8*1.6)+(I8*0.9)+(J8*1)+(K8*0.8))/11-1)/4)*20000,0))) | M8: =IF(L8="","",MIN(100,ROUND(L8/200,0)))
L9: =IF(COUNTA(B9:K9)<10,"",MAX(300,ROUND(((((B9*1.4)+(C9*1.1)+(D9*1.1)+(E9*1)+(F9*1.1)+(G9*1)+(H9*1.6)+(I9*0.9)+(J9*1)+(K9*0.8))/11-1)/4)*20000,0))) | M9: =IF(L9="","",MIN(100,ROUND(L9/200,0)))
L10: =IF(COUNTA(B10:K10)<10,"",MAX(300,ROUND(((((B10*1.4)+(C10*1.1)+(D10*1.1)+(E10*1)+(F10*1.1)+(G10*1)+(H10*1.6)+(I10*0.9)+(J10*1)+(K10*0.8))/11-1)/4)*20000,0))) | M10: =IF(L10="","",MIN(100,ROUND(L10/200,0)))
L11: =IF(COUNTA(B11:K11)<10,"",MAX(300,ROUND(((((B11*1.4)+(C11*1.1)+(D11*1.1)+(E11*1)+(F11*1.1)+(G11*1)+(H11*1.6)+(I11*0.9)+(J11*1)+(K11*0.8))/11-1)/4)*20000,0))) | M11: =IF(L11="","",MIN(100,ROUND(L11/200,0)))
L12: =IF(COUNTA(B12:K12)<10,"",MAX(300,ROUND(((((B12*1.4)+(C12*1.1)+(D12*1.1)+(E12*1)+(F12*1.1)+(G12*1)+(H12*1.6)+(I12*0.9)+(J12*1)+(K12*0.8))/11-1)/4)*20000,0))) | M12: =IF(L12="","",MIN(100,ROUND(L12/200,0)))
L13: =IF(COUNTA(B13:K13)<10,"",MAX(300,ROUND(((((B13*1.4)+(C13*1.1)+(D13*1.1)+(E13*1)+(F13*1.1)+(G13*1)+(H13*1.6)+(I13*0.9)+(J13*1)+(K13*0.8))/11-1)/4)*20000,0))) | M13: =IF(L13="","",MIN(100,ROUND(L13/200,0)))
... L1000: =IF(COUNTA(B1000:K1000)<10,"",MAX(300,ROUND(((((B1000*1.4)+(C1000*1.1)+(D1000*1.1)+(E1000*1)+(F1000*1.1)+(G1000*1)+(H1000*1.6)+(I1000*0.9)+(J1000*1)+(K1000*0.8))/11-1)/4)*20000,0))) | M1000: =IF(L1000="","",MIN(100,ROUND(L1000/200,0)))

Sheet Info
A1: Module | B1: LEGACY+ Coach XP System v2 (fixed)
A2: Purpose | B2: Management-only coach progression, XP, promotions, and trials
A3: Cap Mapping | B3: Coaching=weekly cap; Education=monthly; Ops + Professional + Systems + Programming + Experience=monthly Ops cap; Mentorship + Reputation=monthly Mentorship cap; Impact + Competition=quarterly Impact cap; Admin + Seeding=uncapped
A4: Import Note | B4: For app import, use CoachRoster, XPMenu, XPLog, RoleTitles, XPBands, Settings as source-of-truth; recompute summaries/ledger in app
