Workbook

Sheet Members
A1: MemberID | B1: Member Name | C1: Mode | D1: Status | E1: ActiveMemberIDs
E2: =IF($D2="Active",$A2,"")
E3: =IF($D3="Active",$A3,"")
E4: =IF($D4="Active",$A4,"")
E5: =IF($D5="Active",$A5,"")
E6: =IF($D6="Active",$A6,"")
E7: =IF($D7="Active",$A7,"")
E8: =IF($D8="Active",$A8,"")
E9: =IF($D9="Active",$A9,"")
E10: =IF($D10="Active",$A10,"")
E11: =IF($D11="Active",$A11,"")
E12: =IF($D12="Active",$A12,"")
E13: =IF($D13="Active",$A13,"")
... E1000: =IF($D1000="Active",$A1000,"")

Sheet QuickLog
A1: Date | B1: MemberID | C1: Member Name | D1: Mode | E1: Action ID | F1: Action Name | G1: Type | H1: Qty | I1: XP Per | J1: Coins Per | K1: XP Raw | L1: Coins Raw | M1: Verified | N1: Coach | O1: Week Key | P1: Notes | Q1: MonthKey
C2: =IFERROR(VLOOKUP($B2,Members!$A:$C,2,FALSE),"") | D2: =IFERROR(VLOOKUP($B2,Members!$A:$C,3,FALSE),"") | E2: =IF($F2="","",IFERROR(VLOOKUP($F2,ActionMap!$A:$B,2,FALSE),"INVALID ACTION")) | G2: =IFERROR(VLOOKUP($E2,ActionsCatalog!$A:$B,2,FALSE),"") | I2: =IFERROR(VLOOKUP($E2,ActionsCatalog!$A:$D,3,FALSE),0) | J2: =IFERROR(VLOOKUP($E2,ActionsCatalog!$A:$D,4,FALSE),0) | K2: =IF($M2<>"Yes",0,IF($H2="",0,$H2*$I2)) | L2: =IF($M2<>"Yes",0,IF($H2="",0,$H2*$J2)) | O2: =IF($A2="","",TEXT($A2,"yyyy")&"-W"&TEXT(ISOWEEKNUM($A2),"00")) | Q2: =IF($A2="","",TEXT($A2,"yyyy-mm"))
C3: =IFERROR(VLOOKUP($B3,Members!$A:$C,2,FALSE),"") | D3: =IFERROR(VLOOKUP($B3,Members!$A:$C,3,FALSE),"") | E3: =IF($F3="","",IFERROR(VLOOKUP($F3,ActionMap!$A:$B,2,FALSE),"INVALID ACTION")) | G3: =IFERROR(VLOOKUP($E3,ActionsCatalog!$A:$B,2,FALSE),"") | I3: =IFERROR(VLOOKUP($E3,ActionsCatalog!$A:$D,3,FALSE),0) | J3: =IFERROR(VLOOKUP($E3,ActionsCatalog!$A:$D,4,FALSE),0) | K3: =IF($M3<>"Yes",0,IF($H3="",0,$H3*$I3)) | L3: =IF($M3<>"Yes",0,IF($H3="",0,$H3*$J3)) | O3: =IF($A3="","",TEXT($A3,"yyyy")&"-W"&TEXT(ISOWEEKNUM($A3),"00")) | Q3: =IF($A3="","",TEXT($A3,"yyyy-mm"))
C4: =IFERROR(VLOOKUP($B4,Members!$A:$C,2,FALSE),"") | D4: =IFERROR(VLOOKUP($B4,Members!$A:$C,3,FALSE),"") | E4: =IF($F4="","",IFERROR(VLOOKUP($F4,ActionMap!$A:$B,2,FALSE),"INVALID ACTION")) | G4: =IFERROR(VLOOKUP($E4,ActionsCatalog!$A:$B,2,FALSE),"") | I4: =IFERROR(VLOOKUP($E4,ActionsCatalog!$A:$D,3,FALSE),0) | J4: =IFERROR(VLOOKUP($E4,ActionsCatalog!$A:$D,4,FALSE),0) | K4: =IF($M4<>"Yes",0,IF($H4="",0,$H4*$I4)) | L4: =IF($M4<>"Yes",0,IF($H4="",0,$H4*$J4)) | O4: =IF($A4="","",TEXT($A4,"yyyy")&"-W"&TEXT(ISOWEEKNUM($A4),"00")) | Q4: =IF($A4="","",TEXT($A4,"yyyy-mm"))
C5: =IFERROR(VLOOKUP($B5,Members!$A:$C,2,FALSE),"") | D5: =IFERROR(VLOOKUP($B5,Members!$A:$C,3,FALSE),"") | E5: =IF($F5="","",IFERROR(VLOOKUP($F5,ActionMap!$A:$B,2,FALSE),"INVALID ACTION")) | G5: =IFERROR(VLOOKUP($E5,ActionsCatalog!$A:$B,2,FALSE),"") | I5: =IFERROR(VLOOKUP($E5,ActionsCatalog!$A:$D,3,FALSE),0) | J5: =IFERROR(VLOOKUP($E5,ActionsCatalog!$A:$D,4,FALSE),0) | K5: =IF($M5<>"Yes",0,IF($H5="",0,$H5*$I5)) | L5: =IF($M5<>"Yes",0,IF($H5="",0,$H5*$J5)) | O5: =IF($A5="","",TEXT($A5,"yyyy")&"-W"&TEXT(ISOWEEKNUM($A5),"00")) | Q5: =IF($A5="","",TEXT($A5,"yyyy-mm"))
C6: =IFERROR(VLOOKUP($B6,Members!$A:$C,2,FALSE),"") | D6: =IFERROR(VLOOKUP($B6,Members!$A:$C,3,FALSE),"") | E6: =IF($F6="","",IFERROR(VLOOKUP($F6,ActionMap!$A:$B,2,FALSE),"INVALID ACTION")) | G6: =IFERROR(VLOOKUP($E6,ActionsCatalog!$A:$B,2,FALSE),"") | I6: =IFERROR(VLOOKUP($E6,ActionsCatalog!$A:$D,3,FALSE),0) | J6: =IFERROR(VLOOKUP($E6,ActionsCatalog!$A:$D,4,FALSE),0) | K6: =IF($M6<>"Yes",0,IF($H6="",0,$H6*$I6)) | L6: =IF($M6<>"Yes",0,IF($H6="",0,$H6*$J6)) | O6: =IF($A6="","",TEXT($A6,"yyyy")&"-W"&TEXT(ISOWEEKNUM($A6),"00")) | Q6: =IF($A6="","",TEXT($A6,"yyyy-mm"))
C7: =IFERROR(VLOOKUP($B7,Members!$A:$C,2,FALSE),"") | D7: =IFERROR(VLOOKUP($B7,Members!$A:$C,3,FALSE),"") | E7: =IF($F7="","",IFERROR(VLOOKUP($F7,ActionMap!$A:$B,2,FALSE),"INVALID ACTION")) | G7: =IFERROR(VLOOKUP($E7,ActionsCatalog!$A:$B,2,FALSE),"") | I7: =IFERROR(VLOOKUP($E7,ActionsCatalog!$A:$D,3,FALSE),0) | J7: =IFERROR(VLOOKUP($E7,ActionsCatalog!$A:$D,4,FALSE),0) | K7: =IF($M7<>"Yes",0,IF($H7="",0,$H7*$I7)) | L7: =IF($M7<>"Yes",0,IF($H7="",0,$H7*$J7)) | O7: =IF($A7="","",TEXT($A7,"yyyy")&"-W"&TEXT(ISOWEEKNUM($A7),"00")) | Q7: =IF($A7="","",TEXT($A7,"yyyy-mm"))
C8: =IFERROR(VLOOKUP($B8,Members!$A:$C,2,FALSE),"") | D8: =IFERROR(VLOOKUP($B8,Members!$A:$C,3,FALSE),"") | E8: =IF($F8="","",IFERROR(VLOOKUP($F8,ActionMap!$A:$B,2,FALSE),"INVALID ACTION")) | G8: =IFERROR(VLOOKUP($E8,ActionsCatalog!$A:$B,2,FALSE),"") | I8: =IFERROR(VLOOKUP($E8,ActionsCatalog!$A:$D,3,FALSE),0) | J8: =IFERROR(VLOOKUP($E8,ActionsCatalog!$A:$D,4,FALSE),0) | K8: =IF($M8<>"Yes",0,IF($H8="",0,$H8*$I8)) | L8: =IF($M8<>"Yes",0,IF($H8="",0,$H8*$J8)) | O8: =IF($A8="","",TEXT($A8,"yyyy")&"-W"&TEXT(ISOWEEKNUM($A8),"00")) | Q8: =IF($A8="","",TEXT($A8,"yyyy-mm"))
C9: =IFERROR(VLOOKUP($B9,Members!$A:$C,2,FALSE),"") | D9: =IFERROR(VLOOKUP($B9,Members!$A:$C,3,FALSE),"") | E9: =IF($F9="","",IFERROR(VLOOKUP($F9,ActionMap!$A:$B,2,FALSE),"INVALID ACTION")) | G9: =IFERROR(VLOOKUP($E9,ActionsCatalog!$A:$B,2,FALSE),"") | I9: =IFERROR(VLOOKUP($E9,ActionsCatalog!$A:$D,3,FALSE),0) | J9: =IFERROR(VLOOKUP($E9,ActionsCatalog!$A:$D,4,FALSE),0) | K9: =IF($M9<>"Yes",0,IF($H9="",0,$H9*$I9)) | L9: =IF($M9<>"Yes",0,IF($H9="",0,$H9*$J9)) | O9: =IF($A9="","",TEXT($A9,"yyyy")&"-W"&TEXT(ISOWEEKNUM($A9),"00")) | Q9: =IF($A9="","",TEXT($A9,"yyyy-mm"))
C10: =IFERROR(VLOOKUP($B10,Members!$A:$C,2,FALSE),"") | D10: =IFERROR(VLOOKUP($B10,Members!$A:$C,3,FALSE),"") | E10: =IF($F10="","",IFERROR(VLOOKUP($F10,ActionMap!$A:$B,2,FALSE),"INVALID ACTION")) | G10: =IFERROR(VLOOKUP($E10,ActionsCatalog!$A:$B,2,FALSE),"") | I10: =IFERROR(VLOOKUP($E10,ActionsCatalog!$A:$D,3,FALSE),0) | J10: =IFERROR(VLOOKUP($E10,ActionsCatalog!$A:$D,4,FALSE),0) | K10: =IF($M10<>"Yes",0,IF($H10="",0,$H10*$I10)) | L10: =IF($M10<>"Yes",0,IF($H10="",0,$H10*$J10)) | O10: =IF($A10="","",TEXT($A10,"yyyy")&"-W"&TEXT(ISOWEEKNUM($A10),"00")) | Q10: =IF($A10="","",TEXT($A10,"yyyy-mm"))
C11: =IFERROR(VLOOKUP($B11,Members!$A:$C,2,FALSE),"") | D11: =IFERROR(VLOOKUP($B11,Members!$A:$C,3,FALSE),"") | E11: =IF($F11="","",IFERROR(VLOOKUP($F11,ActionMap!$A:$B,2,FALSE),"INVALID ACTION")) | G11: =IFERROR(VLOOKUP($E11,ActionsCatalog!$A:$B,2,FALSE),"") | I11: =IFERROR(VLOOKUP($E11,ActionsCatalog!$A:$D,3,FALSE),0) | J11: =IFERROR(VLOOKUP($E11,ActionsCatalog!$A:$D,4,FALSE),0) | K11: =IF($M11<>"Yes",0,IF($H11="",0,$H11*$I11)) | L11: =IF($M11<>"Yes",0,IF($H11="",0,$H11*$J11)) | O11: =IF($A11="","",TEXT($A11,"yyyy")&"-W"&TEXT(ISOWEEKNUM($A11),"00")) | Q11: =IF($A11="","",TEXT($A11,"yyyy-mm"))
C12: =IFERROR(VLOOKUP($B12,Members!$A:$C,2,FALSE),"") | D12: =IFERROR(VLOOKUP($B12,Members!$A:$C,3,FALSE),"") | E12: =IF($F12="","",IFERROR(VLOOKUP($F12,ActionMap!$A:$B,2,FALSE),"INVALID ACTION")) | G12: =IFERROR(VLOOKUP($E12,ActionsCatalog!$A:$B,2,FALSE),"") | I12: =IFERROR(VLOOKUP($E12,ActionsCatalog!$A:$D,3,FALSE),0) | J12: =IFERROR(VLOOKUP($E12,ActionsCatalog!$A:$D,4,FALSE),0) | K12: =IF($M12<>"Yes",0,IF($H12="",0,$H12*$I12)) | L12: =IF($M12<>"Yes",0,IF($H12="",0,$H12*$J12)) | O12: =IF($A12="","",TEXT($A12,"yyyy")&"-W"&TEXT(ISOWEEKNUM($A12),"00")) | Q12: =IF($A12="","",TEXT($A12,"yyyy-mm"))
C13: =IFERROR(VLOOKUP($B13,Members!$A:$C,2,FALSE),"") | D13: =IFERROR(VLOOKUP($B13,Members!$A:$C,3,FALSE),"") | E13: =IF($F13="","",IFERROR(VLOOKUP($F13,ActionMap!$A:$B,2,FALSE),"INVALID ACTION")) | G13: =IFERROR(VLOOKUP($E13,ActionsCatalog!$A:$B,2,FALSE),"") | I13: =IFERROR(VLOOKUP($E13,ActionsCatalog!$A:$D,3,FALSE),0) | J13: =IFERROR(VLOOKUP($E13,ActionsCatalog!$A:$D,4,FALSE),0) | K13: =IF($M13<>"Yes",0,IF($H13="",0,$H13*$I13)) | L13: =IF($M13<>"Yes",0,IF($H13="",0,$H13*$J13)) | O13: =IF($A13="","",TEXT($A13,"yyyy")&"-W"&TEXT(ISOWEEKNUM($A13),"00")) | Q13: =IF($A13="","",TEXT($A13,"yyyy-mm"))
... C1000: =IFERROR(VLOOKUP($B1000,Members!$A:$C,2,FALSE),"") | D1000: =IFERROR(VLOOKUP($B1000,Members!$A:$C,3,FALSE),"") | E1000: =IF($F1000="","",IFERROR(VLOOKUP($F1000,ActionMap!$A:$B,2,FALSE),"INVALID ACTION")) | G1000: =IFERROR(VLOOKUP($E1000,ActionsCatalog!$A:$B,2,FALSE),"") | I1000: =IFERROR(VLOOKUP($E1000,ActionsCatalog!$A:$D,3,FALSE),0) | J1000: =IFERROR(VLOOKUP($E1000,ActionsCatalog!$A:$D,4,FALSE),0) | K1000: =IF($M1000<>"Yes",0,IF($H1000="",0,$H1000*$I1000)) | L1000: =IF($M1000<>"Yes",0,IF($H1000="",0,$H1000*$J1000)) | O1000: =IF($A1000="","",TEXT($A1000,"yyyy")&"-W"&TEXT(ISOWEEKNUM($A1000),"00")) | Q1000: =IF($A1000="","",TEXT($A1000,"yyyy-mm"))

Sheet WeeklySummary
A1: WeekKey | B1: MemberID | C1: RoutineXPRaw | D1: MilestoneXPRaw | E1: RoutineXPCounted | F1: OverCapRoutineXP | G1: TotalXPWeek | H1: CoinsRawWeek | I1: CoinsCountedWeek
A2: =IFERROR(SORT(UNIQUE(FILTER({QuickLog!O2:O1000,QuickLog!B2:B1000},QuickLog!O2:O1000<>"",QuickLog!B2:B1000<>""))),"") | C2: =IF(OR($A2="",$B2=""),"",SUMIFS(QuickLog!$K$2:$K$1000,QuickLog!$B$2:$B$1000,$B2,QuickLog!$O$2:$O$1000,$A2,QuickLog!$G$2:$G$1000,"Routine")) | D2: =IF(OR($A2="",$B2=""),"",SUMIFS(QuickLog!$K$2:$K$1000,QuickLog!$B$2:$B$1000,$B2,QuickLog!$O$2:$O$1000,$A2,QuickLog!$G$2:$G$1000,"<>Routine")) | E2: =IF($C2="","",MIN($C2,Settings!$B$2)) | F2: =IF($C2="","",MAX(0,$C2-$E2)) | G2: =IF(OR($E2="",$D2=""),"", $E2+$D2) | H2: =IF(OR($A2="",$B2=""),"",SUMIFS(QuickLog!$L$2:$L$1000,QuickLog!$B$2:$B$1000,$B2,QuickLog!$O$2:$O$1000,$A2)) | I2: =IF($H2="","",$H2)
C3: =IF(OR($A3="",$B3=""),"",SUMIFS(QuickLog!$K$2:$K$1000,QuickLog!$B$2:$B$1000,$B3,QuickLog!$O$2:$O$1000,$A3,QuickLog!$G$2:$G$1000,"Routine")) | D3: =IF(OR($A3="",$B3=""),"",SUMIFS(QuickLog!$K$2:$K$1000,QuickLog!$B$2:$B$1000,$B3,QuickLog!$O$2:$O$1000,$A3,QuickLog!$G$2:$G$1000,"<>Routine")) | E3: =IF($C3="","",MIN($C3,Settings!$B$2)) | F3: =IF($C3="","",MAX(0,$C3-$E3)) | G3: =IF(OR($E3="",$D3=""),"", $E3+$D3) | H3: =IF(OR($A3="",$B3=""),"",SUMIFS(QuickLog!$L$2:$L$1000,QuickLog!$B$2:$B$1000,$B3,QuickLog!$O$2:$O$1000,$A3)) | I3: =IF($H3="","",$H3)
C4: =IF(OR($A4="",$B4=""),"",SUMIFS(QuickLog!$K$2:$K$1000,QuickLog!$B$2:$B$1000,$B4,QuickLog!$O$2:$O$1000,$A4,QuickLog!$G$2:$G$1000,"Routine")) | D4: =IF(OR($A4="",$B4=""),"",SUMIFS(QuickLog!$K$2:$K$1000,QuickLog!$B$2:$B$1000,$B4,QuickLog!$O$2:$O$1000,$A4,QuickLog!$G$2:$G$1000,"<>Routine")) | E4: =IF($C4="","",MIN($C4,Settings!$B$2)) | F4: =IF($C4="","",MAX(0,$C4-$E4)) | G4: =IF(OR($E4="",$D4=""),"", $E4+$D4) | H4: =IF(OR($A4="",$B4=""),"",SUMIFS(QuickLog!$L$2:$L$1000,QuickLog!$B$2:$B$1000,$B4,QuickLog!$O$2:$O$1000,$A4)) | I4: =IF($H4="","",$H4)
C5: =IF(OR($A5="",$B5=""),"",SUMIFS(QuickLog!$K$2:$K$1000,QuickLog!$B$2:$B$1000,$B5,QuickLog!$O$2:$O$1000,$A5,QuickLog!$G$2:$G$1000,"Routine")) | D5: =IF(OR($A5="",$B5=""),"",SUMIFS(QuickLog!$K$2:$K$1000,QuickLog!$B$2:$B$1000,$B5,QuickLog!$O$2:$O$1000,$A5,QuickLog!$G$2:$G$1000,"<>Routine")) | E5: =IF($C5="","",MIN($C5,Settings!$B$2)) | F5: =IF($C5="","",MAX(0,$C5-$E5)) | G5: =IF(OR($E5="",$D5=""),"", $E5+$D5) | H5: =IF(OR($A5="",$B5=""),"",SUMIFS(QuickLog!$L$2:$L$1000,QuickLog!$B$2:$B$1000,$B5,QuickLog!$O$2:$O$1000,$A5)) | I5: =IF($H5="","",$H5)
C6: =IF(OR($A6="",$B6=""),"",SUMIFS(QuickLog!$K$2:$K$1000,QuickLog!$B$2:$B$1000,$B6,QuickLog!$O$2:$O$1000,$A6,QuickLog!$G$2:$G$1000,"Routine")) | D6: =IF(OR($A6="",$B6=""),"",SUMIFS(QuickLog!$K$2:$K$1000,QuickLog!$B$2:$B$1000,$B6,QuickLog!$O$2:$O$1000,$A6,QuickLog!$G$2:$G$1000,"<>Routine")) | E6: =IF($C6="","",MIN($C6,Settings!$B$2)) | F6: =IF($C6="","",MAX(0,$C6-$E6)) | G6: =IF(OR($E6="",$D6=""),"", $E6+$D6) | H6: =IF(OR($A6="",$B6=""),"",SUMIFS(QuickLog!$L$2:$L$1000,QuickLog!$B$2:$B$1000,$B6,QuickLog!$O$2:$O$1000,$A6)) | I6: =IF($H6="","",$H6)
C7: =IF(OR($A7="",$B7=""),"",SUMIFS(QuickLog!$K$2:$K$1000,QuickLog!$B$2:$B$1000,$B7,QuickLog!$O$2:$O$1000,$A7,QuickLog!$G$2:$G$1000,"Routine")) | D7: =IF(OR($A7="",$B7=""),"",SUMIFS(QuickLog!$K$2:$K$1000,QuickLog!$B$2:$B$1000,$B7,QuickLog!$O$2:$O$1000,$A7,QuickLog!$G$2:$G$1000,"<>Routine")) | E7: =IF($C7="","",MIN($C7,Settings!$B$2)) | F7: =IF($C7="","",MAX(0,$C7-$E7)) | G7: =IF(OR($E7="",$D7=""),"", $E7+$D7) | H7: =IF(OR($A7="",$B7=""),"",SUMIFS(QuickLog!$L$2:$L$1000,QuickLog!$B$2:$B$1000,$B7,QuickLog!$O$2:$O$1000,$A7)) | I7: =IF($H7="","",$H7)
C8: =IF(OR($A8="",$B8=""),"",SUMIFS(QuickLog!$K$2:$K$1000,QuickLog!$B$2:$B$1000,$B8,QuickLog!$O$2:$O$1000,$A8,QuickLog!$G$2:$G$1000,"Routine")) | D8: =IF(OR($A8="",$B8=""),"",SUMIFS(QuickLog!$K$2:$K$1000,QuickLog!$B$2:$B$1000,$B8,QuickLog!$O$2:$O$1000,$A8,QuickLog!$G$2:$G$1000,"<>Routine")) | E8: =IF($C8="","",MIN($C8,Settings!$B$2)) | F8: =IF($C8="","",MAX(0,$C8-$E8)) | G8: =IF(OR($E8="",$D8=""),"", $E8+$D8) | H8: =IF(OR($A8="",$B8=""),"",SUMIFS(QuickLog!$L$2:$L$1000,QuickLog!$B$2:$B$1000,$B8,QuickLog!$O$2:$O$1000,$A8)) | I8: =IF($H8="","",$H8)
C9: =IF(OR($A9="",$B9=""),"",SUMIFS(QuickLog!$K$2:$K$1000,QuickLog!$B$2:$B$1000,$B9,QuickLog!$O$2:$O$1000,$A9,QuickLog!$G$2:$G$1000,"Routine")) | D9: =IF(OR($A9="",$B9=""),"",SUMIFS(QuickLog!$K$2:$K$1000,QuickLog!$B$2:$B$1000,$B9,QuickLog!$O$2:$O$1000,$A9,QuickLog!$G$2:$G$1000,"<>Routine")) | E9: =IF($C9="","",MIN($C9,Settings!$B$2)) | F9: =IF($C9="","",MAX(0,$C9-$E9)) | G9: =IF(OR($E9="",$D9=""),"", $E9+$D9) | H9: =IF(OR($A9="",$B9=""),"",SUMIFS(QuickLog!$L$2:$L$1000,QuickLog!$B$2:$B$1000,$B9,QuickLog!$O$2:$O$1000,$A9)) | I9: =IF($H9="","",$H9)
C10: =IF(OR($A10="",$B10=""),"",SUMIFS(QuickLog!$K$2:$K$1000,QuickLog!$B$2:$B$1000,$B10,QuickLog!$O$2:$O$1000,$A10,QuickLog!$G$2:$G$1000,"Routine")) | D10: =IF(OR($A10="",$B10=""),"",SUMIFS(QuickLog!$K$2:$K$1000,QuickLog!$B$2:$B$1000,$B10,QuickLog!$O$2:$O$1000,$A10,QuickLog!$G$2:$G$1000,"<>Routine")) | E10: =IF($C10="","",MIN($C10,Settings!$B$2)) | F10: =IF($C10="","",MAX(0,$C10-$E10)) | G10: =IF(OR($E10="",$D10=""),"", $E10+$D10) | H10: =IF(OR($A10="",$B10=""),"",SUMIFS(QuickLog!$L$2:$L$1000,QuickLog!$B$2:$B$1000,$B10,QuickLog!$O$2:$O$1000,$A10)) | I10: =IF($H10="","",$H10)
C11: =IF(OR($A11="",$B11=""),"",SUMIFS(QuickLog!$K$2:$K$1000,QuickLog!$B$2:$B$1000,$B11,QuickLog!$O$2:$O$1000,$A11,QuickLog!$G$2:$G$1000,"Routine")) | D11: =IF(OR($A11="",$B11=""),"",SUMIFS(QuickLog!$K$2:$K$1000,QuickLog!$B$2:$B$1000,$B11,QuickLog!$O$2:$O$1000,$A11,QuickLog!$G$2:$G$1000,"<>Routine")) | E11: =IF($C11="","",MIN($C11,Settings!$B$2)) | F11: =IF($C11="","",MAX(0,$C11-$E11)) | G11: =IF(OR($E11="",$D11=""),"", $E11+$D11) | H11: =IF(OR($A11="",$B11=""),"",SUMIFS(QuickLog!$L$2:$L$1000,QuickLog!$B$2:$B$1000,$B11,QuickLog!$O$2:$O$1000,$A11)) | I11: =IF($H11="","",$H11)
C12: =IF(OR($A12="",$B12=""),"",SUMIFS(QuickLog!$K$2:$K$1000,QuickLog!$B$2:$B$1000,$B12,QuickLog!$O$2:$O$1000,$A12,QuickLog!$G$2:$G$1000,"Routine")) | D12: =IF(OR($A12="",$B12=""),"",SUMIFS(QuickLog!$K$2:$K$1000,QuickLog!$B$2:$B$1000,$B12,QuickLog!$O$2:$O$1000,$A12,QuickLog!$G$2:$G$1000,"<>Routine")) | E12: =IF($C12="","",MIN($C12,Settings!$B$2)) | F12: =IF($C12="","",MAX(0,$C12-$E12)) | G12: =IF(OR($E12="",$D12=""),"", $E12+$D12) | H12: =IF(OR($A12="",$B12=""),"",SUMIFS(QuickLog!$L$2:$L$1000,QuickLog!$B$2:$B$1000,$B12,QuickLog!$O$2:$O$1000,$A12)) | I12: =IF($H12="","",$H12)
C13: =IF(OR($A13="",$B13=""),"",SUMIFS(QuickLog!$K$2:$K$1000,QuickLog!$B$2:$B$1000,$B13,QuickLog!$O$2:$O$1000,$A13,QuickLog!$G$2:$G$1000,"Routine")) | D13: =IF(OR($A13="",$B13=""),"",SUMIFS(QuickLog!$K$2:$K$1000,QuickLog!$B$2:$B$1000,$B13,QuickLog!$O$2:$O$1000,$A13,QuickLog!$G$2:$G$1000,"<>Routine")) | E13: =IF($C13="","",MIN($C13,Settings!$B$2)) | F13: =IF($C13="","",MAX(0,$C13-$E13)) | G13: =IF(OR($E13="",$D13=""),"", $E13+$D13) | H13: =IF(OR($A13="",$B13=""),"",SUMIFS(QuickLog!$L$2:$L$1000,QuickLog!$B$2:$B$1000,$B13,QuickLog!$O$2:$O$1000,$A13)) | I13: =IF($H13="","",$H13)
C14: =IF(OR($A14="",$B14=""),"",SUMIFS(QuickLog!$K$2:$K$1000,QuickLog!$B$2:$B$1000,$B14,QuickLog!$O$2:$O$1000,$A14,QuickLog!$G$2:$G$1000,"Routine")) | D14: =IF(OR($A14="",$B14=""),"",SUMIFS(QuickLog!$K$2:$K$1000,QuickLog!$B$2:$B$1000,$B14,QuickLog!$O$2:$O$1000,$A14,QuickLog!$G$2:$G$1000,"<>Routine")) | E14: =IF($C14="","",MIN($C14,Settings!$B$2)) | F14: =IF($C14="","",MAX(0,$C14-$E14)) | G14: =IF(OR($E14="",$D14=""),"", $E14+$D14) | H14: =IF(OR($A14="",$B14=""),"",SUMIFS(QuickLog!$L$2:$L$1000,QuickLog!$B$2:$B$1000,$B14,QuickLog!$O$2:$O$1000,$A14)) | I14: =IF($H14="","",$H14)
... C1000: =IF(OR($A1000="",$B1000=""),"",SUMIFS(QuickLog!$K$2:$K$1000,QuickLog!$B$2:$B$1000,$B1000,QuickLog!$O$2:$O$1000,$A1000,QuickLog!$G$2:$G$1000,"Routine")) | D1000: =IF(OR($A1000="",$B1000=""),"",SUMIFS(QuickLog!$K$2:$K$1000,QuickLog!$B$2:$B$1000,$B1000,QuickLog!$O$2:$O$1000,$A1000,QuickLog!$G$2:$G$1000,"<>Routine")) | E1000: =IF($C1000="","",MIN($C1000,Settings!$B$2)) | F1000: =IF($C1000="","",MAX(0,$C1000-$E1000)) | G1000: =IF(OR($E1000="",$D1000=""),"", $E1000+$D1000) | H1000: =IF(OR($A1000="",$B1000=""),"",SUMIFS(QuickLog!$L$2:$L$1000,QuickLog!$B$2:$B$1000,$B1000,QuickLog!$O$2:$O$1000,$A1000)) | I1000: =IF($H1000="","",$H1000)

Sheet MonthlySummary
A1: MonthKey | B1: MemberID | C1: CoinsRawMonth | D1: CoinCap | E1: CoinsCountedMonth | F1: Worth(RM)
A2: =IFERROR(SORT(UNIQUE(FILTER({QuickLog!Q2:Q1000,QuickLog!B2:B1000},QuickLog!Q2:Q1000<>"",QuickLog!B2:B1000<>""))),"") | C2: =IF(OR($A2="",$B2=""),"",SUMIFS(QuickLog!$L$2:$L$1000,QuickLog!$B$2:$B$1000,$B2,QuickLog!$Q$2:$Q$1000,$A2)) | D2: =Settings!$B$3 | E2: =IF($C2="","",MIN($C2,$D2)) | F2: =IF($E2="","",$E2*Settings!$B$4)
C3: =IF(OR($A3="",$B3=""),"",SUMIFS(QuickLog!$L$2:$L$1000,QuickLog!$B$2:$B$1000,$B3,QuickLog!$Q$2:$Q$1000,$A3)) | D3: =Settings!$B$3 | E3: =IF($C3="","",MIN($C3,$D3)) | F3: =IF($E3="","",$E3*Settings!$B$4)
C4: =IF(OR($A4="",$B4=""),"",SUMIFS(QuickLog!$L$2:$L$1000,QuickLog!$B$2:$B$1000,$B4,QuickLog!$Q$2:$Q$1000,$A4)) | D4: =Settings!$B$3 | E4: =IF($C4="","",MIN($C4,$D4)) | F4: =IF($E4="","",$E4*Settings!$B$4)
C5: =IF(OR($A5="",$B5=""),"",SUMIFS(QuickLog!$L$2:$L$1000,QuickLog!$B$2:$B$1000,$B5,QuickLog!$Q$2:$Q$1000,$A5)) | D5: =Settings!$B$3 | E5: =IF($C5="","",MIN($C5,$D5)) | F5: =IF($E5="","",$E5*Settings!$B$4)
C6: =IF(OR($A6="",$B6=""),"",SUMIFS(QuickLog!$L$2:$L$1000,QuickLog!$B$2:$B$1000,$B6,QuickLog!$Q$2:$Q$1000,$A6)) | D6: =Settings!$B$3 | E6: =IF($C6="","",MIN($C6,$D6)) | F6: =IF($E6="","",$E6*Settings!$B$4)
C7: =IF(OR($A7="",$B7=""),"",SUMIFS(QuickLog!$L$2:$L$1000,QuickLog!$B$2:$B$1000,$B7,QuickLog!$Q$2:$Q$1000,$A7)) | D7: =Settings!$B$3 | E7: =IF($C7="","",MIN($C7,$D7)) | F7: =IF($E7="","",$E7*Settings!$B$4)
C8: =IF(OR($A8="",$B8=""),"",SUMIFS(QuickLog!$L$2:$L$1000,QuickLog!$B$2:$B$1000,$B8,QuickLog!$Q$2:$Q$1000,$A8)) | D8: =Settings!$B$3 | E8: =IF($C8="","",MIN($C8,$D8)) | F8: =IF($E8="","",$E8*Settings!$B$4)
C9: =IF(OR($A9="",$B9=""),"",SUMIFS(QuickLog!$L$2:$L$1000,QuickLog!$B$2:$B$1000,$B9,QuickLog!$Q$2:$Q$1000,$A9)) | D9: =Settings!$B$3 | E9: =IF($C9="","",MIN($C9,$D9)) | F9: =IF($E9="","",$E9*Settings!$B$4)
C10: =IF(OR($A10="",$B10=""),"",SUMIFS(QuickLog!$L$2:$L$1000,QuickLog!$B$2:$B$1000,$B10,QuickLog!$Q$2:$Q$1000,$A10)) | D10: =Settings!$B$3 | E10: =IF($C10="","",MIN($C10,$D10)) | F10: =IF($E10="","",$E10*Settings!$B$4)
C11: =IF(OR($A11="",$B11=""),"",SUMIFS(QuickLog!$L$2:$L$1000,QuickLog!$B$2:$B$1000,$B11,QuickLog!$Q$2:$Q$1000,$A11)) | D11: =Settings!$B$3 | E11: =IF($C11="","",MIN($C11,$D11)) | F11: =IF($E11="","",$E11*Settings!$B$4)
C12: =IF(OR($A12="",$B12=""),"",SUMIFS(QuickLog!$L$2:$L$1000,QuickLog!$B$2:$B$1000,$B12,QuickLog!$Q$2:$Q$1000,$A12)) | D12: =Settings!$B$3 | E12: =IF($C12="","",MIN($C12,$D12)) | F12: =IF($E12="","",$E12*Settings!$B$4)
C13: =IF(OR($A13="",$B13=""),"",SUMIFS(QuickLog!$L$2:$L$1000,QuickLog!$B$2:$B$1000,$B13,QuickLog!$Q$2:$Q$1000,$A13)) | D13: =Settings!$B$3 | E13: =IF($C13="","",MIN($C13,$D13)) | F13: =IF($E13="","",$E13*Settings!$B$4)
C14: =IF(OR($A14="",$B14=""),"",SUMIFS(QuickLog!$L$2:$L$1000,QuickLog!$B$2:$B$1000,$B14,QuickLog!$Q$2:$Q$1000,$A14)) | D14: =Settings!$B$3 | E14: =IF($C14="","",MIN($C14,$D14)) | F14: =IF($E14="","",$E14*Settings!$B$4)
... C1000: =IF(OR($A1000="",$B1000=""),"",SUMIFS(QuickLog!$L$2:$L$1000,QuickLog!$B$2:$B$1000,$B1000,QuickLog!$Q$2:$Q$1000,$A1000)) | D1000: =Settings!$B$3 | E1000: =IF($C1000="","",MIN($C1000,$D1000)) | F1000: =IF($E1000="","",$E1000*Settings!$B$4)

Sheet Ledger
A1: MemberID | B1: TotalXP | C1: Level | D1: NextLevelXP | E1: XPtoNext | F1: CoinsEarnedCounted | G1: CoinsRedeemed | H1: CoinBalance | I1: SeedXP
A2: =IF(Members!$A2="","",Members!$A2) | B2: =IF($A2="","",$I2+SUMIF(WeeklySummary!$B$2:$B$1000,$A2,WeeklySummary!$G$2:$G$1000)) | C2: =IF($B2="","",MIN(100,INT(SQRT($B2)))) | D2: =IF($C2="","",($C2+1)^2) | E2: =IF($D2="","",$D2-$B2) | F2: =IF($A2="","",SUMIF(MonthlySummary!$B$2:$B$1000,$A2,MonthlySummary!$E$2:$E$1000)) | G2: 0 | H2: =IF($A2="","",$F2-IF($G2="",0,$G2)) | I2: =IF($A2="","",IFERROR(XLOOKUP($A2,SeedPlacement!$A$2:$A$1000,SeedPlacement!$N$2:$N$1000),0))
A3: =IF(Members!$A3="","",Members!$A3) | B3: =IF($A3="","",$I3+SUMIF(WeeklySummary!$B$2:$B$1000,$A3,WeeklySummary!$G$2:$G$1000)) | C3: =IF($B3="","",MIN(100,INT(SQRT($B3)))) | D3: =IF($C3="","",($C3+1)^2) | E3: =IF($D3="","",$D3-$B3) | F3: =IF($A3="","",SUMIF(MonthlySummary!$B$2:$B$1000,$A3,MonthlySummary!$E$2:$E$1000)) | G3: 0 | H3: =IF($A3="","",$F3-IF($G3="",0,$G3)) | I3: =IF($A3="","",IFERROR(XLOOKUP($A3,SeedPlacement!$A$2:$A$1000,SeedPlacement!$N$2:$N$1000),0))
A4: =IF(Members!$A4="","",Members!$A4) | B4: =IF($A4="","",$I4+SUMIF(WeeklySummary!$B$2:$B$1000,$A4,WeeklySummary!$G$2:$G$1000)) | C4: =IF($B4="","",MIN(100,INT(SQRT($B4)))) | D4: =IF($C4="","",($C4+1)^2) | E4: =IF($D4="","",$D4-$B4) | F4: =IF($A4="","",SUMIF(MonthlySummary!$B$2:$B$1000,$A4,MonthlySummary!$E$2:$E$1000)) | G4: 0 | H4: =IF($A4="","",$F4-IF($G4="",0,$G4)) | I4: =IF($A4="","",IFERROR(XLOOKUP($A4,SeedPlacement!$A$2:$A$1000,SeedPlacement!$N$2:$N$1000),0))
A5: =IF(Members!$A5="","",Members!$A5) | B5: =IF($A5="","",$I5+SUMIF(WeeklySummary!$B$2:$B$1000,$A5,WeeklySummary!$G$2:$G$1000)) | C5: =IF($B5="","",MIN(100,INT(SQRT($B5)))) | D5: =IF($C5="","",($C5+1)^2) | E5: =IF($D5="","",$D5-$B5) | F5: =IF($A5="","",SUMIF(MonthlySummary!$B$2:$B$1000,$A5,MonthlySummary!$E$2:$E$1000)) | G5: 0 | H5: =IF($A5="","",$F5-IF($G5="",0,$G5)) | I5: =IF($A5="","",IFERROR(XLOOKUP($A5,SeedPlacement!$A$2:$A$1000,SeedPlacement!$N$2:$N$1000),0))
A6: =IF(Members!$A6="","",Members!$A6) | B6: =IF($A6="","",$I6+SUMIF(WeeklySummary!$B$2:$B$1000,$A6,WeeklySummary!$G$2:$G$1000)) | C6: =IF($B6="","",MIN(100,INT(SQRT($B6)))) | D6: =IF($C6="","",($C6+1)^2) | E6: =IF($D6="","",$D6-$B6) | F6: =IF($A6="","",SUMIF(MonthlySummary!$B$2:$B$1000,$A6,MonthlySummary!$E$2:$E$1000)) | G6: 0 | H6: =IF($A6="","",$F6-IF($G6="",0,$G6)) | I6: =IF($A6="","",IFERROR(XLOOKUP($A6,SeedPlacement!$A$2:$A$1000,SeedPlacement!$N$2:$N$1000),0))
A7: =IF(Members!$A7="","",Members!$A7) | B7: =IF($A7="","",$I7+SUMIF(WeeklySummary!$B$2:$B$1000,$A7,WeeklySummary!$G$2:$G$1000)) | C7: =IF($B7="","",MIN(100,INT(SQRT($B7)))) | D7: =IF($C7="","",($C7+1)^2) | E7: =IF($D7="","",$D7-$B7) | F7: =IF($A7="","",SUMIF(MonthlySummary!$B$2:$B$1000,$A7,MonthlySummary!$E$2:$E$1000)) | G7: 0 | H7: =IF($A7="","",$F7-IF($G7="",0,$G7)) | I7: =IF($A7="","",IFERROR(XLOOKUP($A7,SeedPlacement!$A$2:$A$1000,SeedPlacement!$N$2:$N$1000),0))
A8: =IF(Members!$A8="","",Members!$A8) | B8: =IF($A8="","",$I8+SUMIF(WeeklySummary!$B$2:$B$1000,$A8,WeeklySummary!$G$2:$G$1000)) | C8: =IF($B8="","",MIN(100,INT(SQRT($B8)))) | D8: =IF($C8="","",($C8+1)^2) | E8: =IF($D8="","",$D8-$B8) | F8: =IF($A8="","",SUMIF(MonthlySummary!$B$2:$B$1000,$A8,MonthlySummary!$E$2:$E$1000)) | G8: 0 | H8: =IF($A8="","",$F8-IF($G8="",0,$G8)) | I8: =IF($A8="","",IFERROR(XLOOKUP($A8,SeedPlacement!$A$2:$A$1000,SeedPlacement!$N$2:$N$1000),0))
A9: =IF(Members!$A9="","",Members!$A9) | B9: =IF($A9="","",$I9+SUMIF(WeeklySummary!$B$2:$B$1000,$A9,WeeklySummary!$G$2:$G$1000)) | C9: =IF($B9="","",MIN(100,INT(SQRT($B9)))) | D9: =IF($C9="","",($C9+1)^2) | E9: =IF($D9="","",$D9-$B9) | F9: =IF($A9="","",SUMIF(MonthlySummary!$B$2:$B$1000,$A9,MonthlySummary!$E$2:$E$1000)) | G9: 0 | H9: =IF($A9="","",$F9-IF($G9="",0,$G9)) | I9: =IF($A9="","",IFERROR(XLOOKUP($A9,SeedPlacement!$A$2:$A$1000,SeedPlacement!$N$2:$N$1000),0))
A10: =IF(Members!$A10="","",Members!$A10) | B10: =IF($A10="","",$I10+SUMIF(WeeklySummary!$B$2:$B$1000,$A10,WeeklySummary!$G$2:$G$1000)) | C10: =IF($B10="","",MIN(100,INT(SQRT($B10)))) | D10: =IF($C10="","",($C10+1)^2) | E10: =IF($D10="","",$D10-$B10) | F10: =IF($A10="","",SUMIF(MonthlySummary!$B$2:$B$1000,$A10,MonthlySummary!$E$2:$E$1000)) | G10: 0 | H10: =IF($A10="","",$F10-IF($G10="",0,$G10)) | I10: =IF($A10="","",IFERROR(XLOOKUP($A10,SeedPlacement!$A$2:$A$1000,SeedPlacement!$N$2:$N$1000),0))
A11: =IF(Members!$A11="","",Members!$A11) | B11: =IF($A11="","",$I11+SUMIF(WeeklySummary!$B$2:$B$1000,$A11,WeeklySummary!$G$2:$G$1000)) | C11: =IF($B11="","",MIN(100,INT(SQRT($B11)))) | D11: =IF($C11="","",($C11+1)^2) | E11: =IF($D11="","",$D11-$B11) | F11: =IF($A11="","",SUMIF(MonthlySummary!$B$2:$B$1000,$A11,MonthlySummary!$E$2:$E$1000)) | G11: 0 | H11: =IF($A11="","",$F11-IF($G11="",0,$G11)) | I11: =IF($A11="","",IFERROR(XLOOKUP($A11,SeedPlacement!$A$2:$A$1000,SeedPlacement!$N$2:$N$1000),0))
A12: =IF(Members!$A12="","",Members!$A12) | B12: =IF($A12="","",$I12+SUMIF(WeeklySummary!$B$2:$B$1000,$A12,WeeklySummary!$G$2:$G$1000)) | C12: =IF($B12="","",MIN(100,INT(SQRT($B12)))) | D12: =IF($C12="","",($C12+1)^2) | E12: =IF($D12="","",$D12-$B12) | F12: =IF($A12="","",SUMIF(MonthlySummary!$B$2:$B$1000,$A12,MonthlySummary!$E$2:$E$1000)) | G12: 0 | H12: =IF($A12="","",$F12-IF($G12="",0,$G12)) | I12: =IF($A12="","",IFERROR(XLOOKUP($A12,SeedPlacement!$A$2:$A$1000,SeedPlacement!$N$2:$N$1000),0))
A13: =IF(Members!$A13="","",Members!$A13) | B13: =IF($A13="","",$I13+SUMIF(WeeklySummary!$B$2:$B$1000,$A13,WeeklySummary!$G$2:$G$1000)) | C13: =IF($B13="","",MIN(100,INT(SQRT($B13)))) | D13: =IF($C13="","",($C13+1)^2) | E13: =IF($D13="","",$D13-$B13) | F13: =IF($A13="","",SUMIF(MonthlySummary!$B$2:$B$1000,$A13,MonthlySummary!$E$2:$E$1000)) | G13: 0 | H13: =IF($A13="","",$F13-IF($G13="",0,$G13)) | I13: =IF($A13="","",IFERROR(XLOOKUP($A13,SeedPlacement!$A$2:$A$1000,SeedPlacement!$N$2:$N$1000),0))
... A1000: =IF(Members!$A1000="","",Members!$A1000) | B1000: =IF($A1000="","",$I1000+SUMIF(WeeklySummary!$B$2:$B$1000,$A1000,WeeklySummary!$G$2:$G$1000)) | C1000: =IF($B1000="","",MIN(100,INT(SQRT($B1000)))) | D1000: =IF($C1000="","",($C1000+1)^2) | E1000: =IF($D1000="","",$D1000-$B1000) | F1000: =IF($A1000="","",SUMIF(MonthlySummary!$B$2:$B$1000,$A1000,MonthlySummary!$E$2:$E$1000)) | G1000: 0 | H1000: =IF($A1000="","",$F1000-IF($G1000="",0,$G1000)) | I1000: =IF($A1000="","",IFERROR(XLOOKUP($A1000,SeedPlacement!$A$2:$A$1000,SeedPlacement!$N$2:$N$1000),0))

Sheet SeedPlacement
A1: MemberID | B1: MonthsCoached | C1: AvgSessionsPerWeek | D1: AdherenceScore (1–5) | E1: MovementCompetency (1–5) | F1: StrengthLevel (1–5) | G1: LifestyleHabits (1–5) | H1: TrackingConsistency (1–5) | I1: SelfMastery (1–5) | J1: KnowledgeLevel (1–5) | K1: SeedXP_Calc | L1: SeedLevel (calculated) | M1: Approved (Yes/No) | N1: SeedXP_Locked | O1: Notes
A2: =IF(Members!$A2="","",Members!$A2) | K2: =IF(COUNTA($D2:$J2)<7,"",ROUND(MIN(10000, MAX(0, ((((($D2*1.2)+($E2*1.2)+($F2*1.1)+($G2*1.0)+($H2*1.0)+($I2*1.1)+($J2*0.9))/7.5)-1)/4*8000 + MIN($B2*20,1000) + MIN($C2*100,1000))),0)) | L2: =IF($K2="","",MIN(100,INT(SQRT($K2)))) | N2: =IF($M2="Yes",$K2,"")
A3: =IF(Members!$A3="","",Members!$A3) | K3: =IF(COUNTA($D3:$J3)<7,"",ROUND(MIN(10000, MAX(0, ((((($D3*1.2)+($E3*1.2)+($F3*1.1)+($G3*1.0)+($H3*1.0)+($I3*1.1)+($J3*0.9))/7.5)-1)/4*8000 + MIN($B3*20,1000) + MIN($C3*100,1000))),0)) | L3: =IF($K3="","",MIN(100,INT(SQRT($K3)))) | N3: =IF($M3="Yes",$K3,"")
A4: =IF(Members!$A4="","",Members!$A4) | K4: =IF(COUNTA($D4:$J4)<7,"",ROUND(MIN(10000, MAX(0, ((((($D4*1.2)+($E4*1.2)+($F4*1.1)+($G4*1.0)+($H4*1.0)+($I4*1.1)+($J4*0.9))/7.5)-1)/4*8000 + MIN($B4*20,1000) + MIN($C4*100,1000))),0)) | L4: =IF($K4="","",MIN(100,INT(SQRT($K4)))) | N4: =IF($M4="Yes",$K4,"")
A5: =IF(Members!$A5="","",Members!$A5) | K5: =IF(COUNTA($D5:$J5)<7,"",ROUND(MIN(10000, MAX(0, ((((($D5*1.2)+($E5*1.2)+($F5*1.1)+($G5*1.0)+($H5*1.0)+($I5*1.1)+($J5*0.9))/7.5)-1)/4*8000 + MIN($B5*20,1000) + MIN($C5*100,1000))),0)) | L5: =IF($K5="","",MIN(100,INT(SQRT($K5)))) | N5: =IF($M5="Yes",$K5,"")
A6: =IF(Members!$A6="","",Members!$A6) | K6: =IF(COUNTA($D6:$J6)<7,"",ROUND(MIN(10000, MAX(0, ((((($D6*1.2)+($E6*1.2)+($F6*1.1)+($G6*1.0)+($H6*1.0)+($I6*1.1)+($J6*0.9))/7.5)-1)/4*8000 + MIN($B6*20,1000) + MIN($C6*100,1000))),0)) | L6: =IF($K6="","",MIN(100,INT(SQRT($K6)))) | N6: =IF($M6="Yes",$K6,"")
A7: =IF(Members!$A7="","",Members!$A7) | K7: =IF(COUNTA($D7:$J7)<7,"",ROUND(MIN(10000, MAX(0, ((((($D7*1.2)+($E7*1.2)+($F7*1.1)+($G7*1.0)+($H7*1.0)+($I7*1.1)+($J7*0.9))/7.5)-1)/4*8000 + MIN($B7*20,1000) + MIN($C7*100,1000))),0)) | L7: =IF($K7="","",MIN(100,INT(SQRT($K7)))) | N7: =IF($M7="Yes",$K7,"")
A8: =IF(Members!$A8="","",Members!$A8) | K8: =IF(COUNTA($D8:$J8)<7,"",ROUND(MIN(10000, MAX(0, ((((($D8*1.2)+($E8*1.2)+($F8*1.1)+($G8*1.0)+($H8*1.0)+($I8*1.1)+($J8*0.9))/7.5)-1)/4*8000 + MIN($B8*20,1000) + MIN($C8*100,1000))),0)) | L8: =IF($K8="","",MIN(100,INT(SQRT($K8)))) | N8: =IF($M8="Yes",$K8,"")
A9: =IF(Members!$A9="","",Members!$A9) | K9: =IF(COUNTA($D9:$J9)<7,"",ROUND(MIN(10000, MAX(0, ((((($D9*1.2)+($E9*1.2)+($F9*1.1)+($G9*1.0)+($H9*1.0)+($I9*1.1)+($J9*0.9))/7.5)-1)/4*8000 + MIN($B9*20,1000) + MIN($C9*100,1000))),0)) | L9: =IF($K9="","",MIN(100,INT(SQRT($K9)))) | N9: =IF($M9="Yes",$K9,"")
A10: =IF(Members!$A10="","",Members!$A10) | K10: =IF(COUNTA($D10:$J10)<7,"",ROUND(MIN(10000, MAX(0, ((((($D10*1.2)+($E10*1.2)+($F10*1.1)+($G10*1.0)+($H10*1.0)+($I10*1.1)+($J10*0.9))/7.5)-1)/4*8000 + MIN($B10*20,1000) + MIN($C10*100,1000))),0)) | L10: =IF($K10="","",MIN(100,INT(SQRT($K10)))) | N10: =IF($M10="Yes",$K10,"")
A11: =IF(Members!$A11="","",Members!$A11) | K11: =IF(COUNTA($D11:$J11)<7,"",ROUND(MIN(10000, MAX(0, ((((($D11*1.2)+($E11*1.2)+($F11*1.1)+($G11*1.0)+($H11*1.0)+($I11*1.1)+($J11*0.9))/7.5)-1)/4*8000 + MIN($B11*20,1000) + MIN($C11*100,1000))),0)) | L11: =IF($K11="","",MIN(100,INT(SQRT($K11)))) | N11: =IF($M11="Yes",$K11,"")
A12: =IF(Members!$A12="","",Members!$A12) | K12: =IF(COUNTA($D12:$J12)<7,"",ROUND(MIN(10000, MAX(0, ((((($D12*1.2)+($E12*1.2)+($F12*1.1)+($G12*1.0)+($H12*1.0)+($I12*1.1)+($J12*0.9))/7.5)-1)/4*8000 + MIN($B12*20,1000) + MIN($C12*100,1000))),0)) | L12: =IF($K12="","",MIN(100,INT(SQRT($K12)))) | N12: =IF($M12="Yes",$K12,"")
A13: =IF(Members!$A13="","",Members!$A13) | K13: =IF(COUNTA($D13:$J13)<7,"",ROUND(MIN(10000, MAX(0, ((((($D13*1.2)+($E13*1.2)+($F13*1.1)+($G13*1.0)+($H13*1.0)+($I13*1.1)+($J13*0.9))/7.5)-1)/4*8000 + MIN($B13*20,1000) + MIN($C13*100,1000))),0)) | L13: =IF($K13="","",MIN(100,INT(SQRT($K13)))) | N13: =IF($M13="Yes",$K13,"")
... A1000: =IF(Members!$A1000="","",Members!$A1000) | K1000: =IF(COUNTA($D1000:$J1000)<7,"",ROUND(MIN(10000, MAX(0, ((((($D1000*1.2)+($E1000*1.2)+($F1000*1.1)+($G1000*1.0)+($H1000*1.0)+($I1000*1.1)+($J1000*0.9))/7.5)-1)/4*8000 + MIN($B1000*20,1000) + MIN($C1000*100,1000))),0)) | L1000: =IF($K1000="","",MIN(100,INT(SQRT($K1000)))) | N1000: =IF($M1000="Yes",$K1000,"")

Sheet ActionMap
A1: Display Name (Coach sees) | B1: ActionID | C1: XP | D1: Coins | E1: Type
A2: Onboarding – Account Created | B2: ONB-ACCT | C2: 10 | D2: 1 | E2: Onboarding
A3: Client ParQ/Waiver - Completed | B3: ONB-SAFE | C3: 10 | D3: 1 | E3: Onboarding
A4: Onboarding – Consultation Complete | B4: ONB-CONS | C4: 20 | D4: 2 | E4: Onboarding
A5: Wearable Declared / Connected | B5: ONB-WEAR | C5: 20 | D5: 2 | E5: Onboarding
A6: Profile Completed (Availability, Injuries, Preferences) | B6: ONB-PROF | C6: 15 | D6: 2 | E6: Onboarding
A7: First Coached Session Completed | B7: TRN-FIRST | C7: 20 | D7: 2 | E7: Training
A8: Safety briefing (video + quiz) | B8: EDU-SAFE | C8: 20 | D8: 2 | E8: Education
A9: Consult Quiz (Theory Half) – Passed/Completed | B9: EDU-CONSQUIZ | C9: 50 | D9: 5 | E9: Education
A10: Movement Screen (Practical Half) – Passed/Completed | B10: TRN-MOVSCR | C10: 50 | D10: 5 | E10: Training
A11: Quest Mode Selected | B11: QST-START | C11: 10 | D11: 1 | E11: Mode
A12: Classic Goal Defined | B12: CLS-START | C12: 10 | D12: 1 | E12: Mode
A13: Coached Strength Session | B13: TRN-SESS | C13: 10 | D13: 1 | E13: Training
... A107: Boss Gate Cleared – Level 100 | B107: BOSS-CLR-100 | C107: 500 | D107: 50 | E107: Boss

Sheet ActionsCatalog
A1: ActionID | B1: Type | C1: XP | D1: CoinsPer | E1: Display Name | F1: Category
A2: ONB-ACCT | B2: Milestone | C2: 10 | D2: 1 | E2: Onboarding – Account Created | F2: Onboarding
A3: ONB-SAFE | B3: Milestone | C3: 10 | D3: 1 | E3: Client ParQ/Waiver - Completed | F3: Onboarding
A4: ONB-CONS | B4: Milestone | C4: 20 | D4: 2 | E4: Onboarding – Consultation Complete | F4: Onboarding
A5: ONB-WEAR | B5: Milestone | C5: 20 | D5: 2 | E5: Wearable Declared / Connected | F5: Onboarding
A6: ONB-PROF | B6: Milestone | C6: 15 | D6: 2 | E6: Profile Completed (Availability, Injuries, Preferences) | F6: Onboarding
A7: TRN-FIRST | B7: Milestone | C7: 20 | D7: 2 | E7: First Coached Session Completed | F7: Training
A8: EDU-SAFE | B8: Routine | C8: 20 | D8: 2 | E8: Safety briefing (video + quiz) | F8: Education
A9: EDU-CONSQUIZ | B9: Routine | C9: 50 | D9: 5 | E9: Consult Quiz (Theory Half) – Passed/Completed | F9: Education
A10: TRN-MOVSCR | B10: Routine | C10: 50 | D10: 5 | E10: Movement Screen (Practical Half) – Passed/Completed | F10: Training
A11: QST-START | B11: Milestone | C11: 10 | D11: 1 | E11: Quest Mode Selected | F11: Mode
A12: CLS-START | B12: Milestone | C12: 10 | D12: 1 | E12: Classic Goal Defined | F12: Mode
A13: TRN-SESS | B13: Routine | C13: 10 | D13: 1 | E13: Coached Strength Session | F13: Training
... A107: BOSS-CLR-100 | B107: Boss | C107: 500 | D107: 50 | E107: Boss Gate Cleared – Level 100 | F107: Boss

Sheet Settings
A1: Name | B1: Value | D1: Band | E1: Levels | F1: XP per level | G1: XP to complete band
A2: RoutineWeeklyCapXP | B2: 300 | D2: Band 1 | E2: 1–10 | F2: 50 XP | G2: 500
A3: MonthlyCoinCap | B3: 70 | D3: Band 2 | E3: 11–20 | F3: 75 XP | G3: 750
A4: CoinValueRM | B4: 0.5 | D4: Band 3 | E4: 21–30 | F4: 100 XP | G4: 1000
D5: Band 4 | E5: 31–40 | F5: 125 XP | G5: 1250
D6: Band 5 | E6: 41–50 | F6: 150 XP | G6: 1500
D7: Band 6 | E7: 51–60 | F7: 175 XP | G7: 1750
D8: Band 7 | E8: 61–70 | F8: 200 XP | G8: 2000
D9: Band 8 | E9: 71–80 | F9: 225 XP | G9: 2250
D10: Band 9 | E10: 81–90 | F10: 250 XP | G10: 2500
D11: Band 10 | E11: 91–100 | F11: 300 XP | G11: 3000

Sheet Info
A1: D) ADHERENCE SCORE (1–5) Question this answers: “How reliably did this client show up and follow the plan when nobody was chasing them?” This is about attendance + compliance, not results. 1 — Very Poor Adherence Frequently misses sessions without notice Long gaps (2–4 weeks) with no training Often “restarts” programs Rarely completes prescribed work outside sessions Coaching relationship feels reactive Red flags: “Life keeps getting in the way” Needs constant reminders Attendance <50% 2 — Inconsistent / Fragile Attends in bursts, then drops off Misses ~30–40% of scheduled sessions Compliance improves only when supervised Rarely completes homework (steps, mobility, nutrition) Attendance roughly 50–65% 3 — Moderately Consistent (Baseline) Attends most scheduled sessions Misses occasionally but communicates Completes core program, skips extras Shows up even when tired or busy Needs reminders but responds Attendance roughly 65–80% 👉 This is the default score for most people. 4 — Highly Consistent Rarely misses sessions Communicates proactively when conflicts arise Completes most prescribed work Shows discipline during stressful periods Self-corrects when off-track Attendance roughly 80–90% 5 — Exceptionally Consistent Near-perfect attendance Never needs chasing Treats training like a non-negotiable appointment Completes sessions, homework, and check-ins reliably Has trained through holidays, stress, or discomfort (appropriately) Attendance >90% over months
